-- phpMyAdmin SQL Dump
-- version 5.0.2
-- https://www.phpmyadmin.net/
--
-- Host: 127.0.0.1
-- Generation Time: Feb 20, 2021 at 07:56 PM
-- Server version: 10.4.14-MariaDB
-- PHP Version: 7.4.10

SET SQL_MODE = "NO_AUTO_VALUE_ON_ZERO";
START TRANSACTION;
SET time_zone = "+00:00";


/*!40101 SET @OLD_CHARACTER_SET_CLIENT=@@CHARACTER_SET_CLIENT */;
/*!40101 SET @OLD_CHARACTER_SET_RESULTS=@@CHARACTER_SET_RESULTS */;
/*!40101 SET @OLD_COLLATION_CONNECTION=@@COLLATION_CONNECTION */;
/*!40101 SET NAMES utf8mb4 */;

--
-- Database: `mokeem_upload`
--

-- --------------------------------------------------------

--
-- Table structure for table `migrations`
--

CREATE TABLE `migrations` (
  `id` int(10) UNSIGNED NOT NULL,
  `migration` varchar(255) COLLATE utf8mb4_unicode_ci NOT NULL,
  `batch` int(11) NOT NULL
) ENGINE=InnoDB DEFAULT CHARSET=utf8mb4 COLLATE=utf8mb4_unicode_ci;

--
-- Dumping data for table `migrations`
--

INSERT INTO `migrations` (`id`, `migration`, `batch`) VALUES
(1, '2014_10_12_000000_create_users_table', 1),
(2, '2014_10_12_100000_create_password_resets_table', 1),
(7, '2020_12_03_081655_mokeem_person', 2),
(8, '2020_12_03_082722_mokeem_relative', 2),
(9, '2020_12_03_082919_mokeem_person_relative', 2),
(10, '2020_12_03_083310_person_visits', 2);

-- --------------------------------------------------------

--
-- Table structure for table `mokeem_person`
--

CREATE TABLE `mokeem_person` (
  `id` bigint(20) UNSIGNED NOT NULL,
  `person_num` varchar(255) COLLATE utf8mb4_unicode_ci NOT NULL,
  `person_name` varchar(255) COLLATE utf8mb4_unicode_ci NOT NULL,
  `birth_day` varchar(255) COLLATE utf8mb4_unicode_ci NOT NULL,
  `birth_month` varchar(255) COLLATE utf8mb4_unicode_ci NOT NULL,
  `birth_year` varchar(255) COLLATE utf8mb4_unicode_ci NOT NULL,
  `person_record` varchar(255) COLLATE utf8mb4_unicode_ci NOT NULL,
  `enter_date_day` varchar(255) COLLATE utf8mb4_unicode_ci DEFAULT NULL,
  `enter_date_month` varchar(255) COLLATE utf8mb4_unicode_ci DEFAULT NULL,
  `enter_date_year` varchar(255) COLLATE utf8mb4_unicode_ci DEFAULT NULL,
  `building` varchar(255) COLLATE utf8mb4_unicode_ci DEFAULT NULL,
  `visiting_status` varchar(255) COLLATE utf8mb4_unicode_ci NOT NULL,
  `parent_record` varchar(255) COLLATE utf8mb4_unicode_ci DEFAULT NULL,
  `parent_name` varchar(255) COLLATE utf8mb4_unicode_ci DEFAULT NULL,
  `parent_relation` varchar(255) COLLATE utf8mb4_unicode_ci DEFAULT NULL,
  `parent_address` varchar(255) COLLATE utf8mb4_unicode_ci DEFAULT NULL,
  `parent_phone` varchar(255) COLLATE utf8mb4_unicode_ci DEFAULT NULL,
  `parent_work_address` varchar(255) COLLATE utf8mb4_unicode_ci DEFAULT NULL,
  `parent_pdf1` varchar(255) COLLATE utf8mb4_unicode_ci DEFAULT NULL,
  `parent_pdf2` varchar(255) COLLATE utf8mb4_unicode_ci DEFAULT NULL,
  `parent_pdf3` varchar(255) COLLATE utf8mb4_unicode_ci DEFAULT NULL,
  `is_archive` int(11) NOT NULL DEFAULT 0,
  `parent_type` varchar(255) COLLATE utf8mb4_unicode_ci NOT NULL,
  `archive_reason` varchar(255) COLLATE utf8mb4_unicode_ci DEFAULT NULL,
  `archive_date_day` varchar(255) COLLATE utf8mb4_unicode_ci DEFAULT NULL,
  `archive_date_month` varchar(255) COLLATE utf8mb4_unicode_ci DEFAULT NULL,
  `archive_date_year` varchar(255) COLLATE utf8mb4_unicode_ci DEFAULT NULL,
  `created_at` timestamp NULL DEFAULT NULL,
  `updated_at` timestamp NULL DEFAULT NULL
) ENGINE=InnoDB DEFAULT CHARSET=utf8mb4 COLLATE=utf8mb4_unicode_ci;

--
-- Dumping data for table `mokeem_person`
--

INSERT INTO `mokeem_person` (`id`, `person_num`, `person_name`, `birth_day`, `birth_month`, `birth_year`, `person_record`, `enter_date_day`, `enter_date_month`, `enter_date_year`, `building`, `visiting_status`, `parent_record`, `parent_name`, `parent_relation`, `parent_address`, `parent_phone`, `parent_work_address`, `parent_pdf1`, `parent_pdf2`, `parent_pdf3`, `is_archive`, `parent_type`, `archive_reason`, `archive_date_day`, `archive_date_month`, `archive_date_year`, `created_at`, `updated_at`) VALUES
(1, '75555', 'احمد محمد محمد', '14', '01', '1426', '874783757375', '23', '04', '1442', '1', 'open', '7385783475', 'محمد محمد', 'الوالد', 'cairo,egypt', '3745375', 'ةسيىسىيبنىسيب', '/img/profile/5b5d57490dd0f2d99c929c981ef16de4.jpg', '/img/profile/245356c39826ab714982f16d953b0838.png', '/img/profile/af5d3d0aa31605904a0713840a6d4894.png', 1, '1', 'نن', '12', '06', '1442', '2020-12-10 14:01:13', '2021-01-25 04:10:38'),
(2, '98709', 'اية محمد', '15', '04', '1442', '8747837573753', '21', '04', '1442', '2', 'mokeed', '73857834756', 'محمد محمد', 'الوالد', 'kzhckhsckahskd', '3745375', 'ةسيىسىيبنىسيب', '/img/profile/8035f635509e1fd3334220b9c73f7781.jpg', '/img/profile/df9e3ccf5000d63a8157b725e008d6c1.jpg', '/img/profile/ec6d019b470eda571ff9cd66b5f48424.jpg', 1, '2', 'تجربة', '26', '06', '1442', '2020-12-10 17:47:03', '2021-02-08 05:40:20'),
(4, '1234', 'احمد خالد', '16', '02', '1438', '783758374583745', '07', '04', '1442', '2', 'mokeed', '87583745873', 'خالد على', NULL, NULL, NULL, NULL, '/img/profile/0210ead8f4eeb145e91f8cf2d282edba.png', '/img/profile/f4e6d6a73557b8f6c6e8f861b82d03b9.jpg', '/img/profile/f30815b743d1f83931d78ba0d5775187.jpg', 1, '1', 'سبب11', '15', '04', '1442', '2020-12-13 14:07:53', '2020-12-13 14:09:24'),
(5, '9379427934', 'sdnfsnd', '01', '05', '1442', '374597345', '29', '05', '1442', '2', 'mokeed', '757455345', 'hhhhhhdjfdjgdjfg', NULL, NULL, NULL, NULL, NULL, NULL, NULL, 1, '1', 'تجربة', '08', '06', '1442', '2021-01-11 11:20:58', '2021-01-21 03:18:54'),
(6, '87584', 'ابراهيم سعد ابراهيم السبيل', '24', '09', '1400', '1060531363', '10', '09', '1421', '1', 'open', '1057002170', 'عبدالعزيز عبدالله السبيل', 'أبن عم', 'الرس', '0557483963', NULL, NULL, '/img/profile/c81d91134fbca8d02a3c8094b3c32208.jpg', NULL, 0, '1', NULL, NULL, NULL, NULL, '2021-01-26 04:42:34', '2021-01-26 04:45:39'),
(7, '6660', 'ابراهيم سليمان ابراهيم النقيثان', '10', '11', '1393', '1045085196', '11', '10', '1413', '3', 'not_clear', '1012037113', 'محمد سليمان النقيثان', 'أخ', 'المذنب', '0505146123', NULL, NULL, '/img/profile/349b12b06ba5523ccb3cf8626c070105.jpg', NULL, 0, '1', NULL, NULL, NULL, NULL, '2021-01-26 04:52:40', '2021-02-01 00:55:25'),
(8, '1591', 'ابراهيم عبدالعزيز محمد الجرى', '19', '11', '1403', '1088204886', '06', '07', '1409', '1', 'mokeed', 'لا يوجد', 'عبدالله الجري', 'أخ', NULL, '0508583493', NULL, NULL, NULL, NULL, 0, '1', NULL, NULL, NULL, NULL, '2021-01-26 04:59:56', '2021-01-26 04:59:56'),
(9, '1636', 'ابراهيم محمد عبدالله السديس', '01', '07', '1395', '1125163087', '12', '10', '1405', '1', 'mokeed', 'غير متوفر', 'عبدالرحمن محمد السديس', 'أخ', 'البكيرية', '0545108640', NULL, NULL, NULL, NULL, 0, '1', NULL, NULL, NULL, NULL, '2021-01-26 05:15:24', '2021-02-01 00:42:01'),
(10, '1526', 'ابراهيم محمد على الحديثى', '01', '07', '1397', '1047365919', '07', '02', '1413', '2', 'mokeed', '1074365943', 'منيرة الحديثي', 'أم', NULL, NULL, NULL, NULL, NULL, NULL, 0, '1', NULL, NULL, NULL, NULL, '2021-02-01 00:59:27', '2021-02-01 01:01:20'),
(11, '21302', 'احمد صياف عتيق المطيري', '28', '12', '1410', '1072416314', '29', '12', '1414', 'I.C.U', 'not_clear', '1039381775', 'صياف عتيق المطيري', 'أب', 'الرياض', '0504424257', NULL, NULL, NULL, NULL, 1, '1', 'وفاة', '27', '06', '1442', '2021-02-01 01:11:42', '2021-02-09 04:21:09'),
(12, '6018', 'احمد مرزوق حسين الضبعان', '22', '11', '1404', '1035269776', '11', '05', '1417', 'العزل', 'mokeed', '1035269727', 'مرزوق حسين الضبعان', 'أب', 'الرس', '0504882309', NULL, NULL, NULL, NULL, 0, '1', NULL, NULL, NULL, NULL, '2021-02-01 01:19:20', '2021-02-01 01:19:20'),
(13, '124123', 'انس سليمان ابراهيم الفريجى', '26', '09', '1417', '1093987624', '05', '06', '1427', '3', 'open', '1036814513', 'سليمان ابراهيم الفريجي', 'أب', 'الخبراء', '0555147519', NULL, NULL, '/img/profile/383b5995cc47e3cb5fb16d2eb8778179.jpg', NULL, 0, '1', NULL, NULL, NULL, NULL, '2021-02-01 01:29:30', '2021-02-01 01:29:30'),
(14, '143710', 'باسم على حبيب البشرى الحربى', '23', '02', '1419', '1108176494', '04', '07', '1437', NULL, 'not_clear', 'na', 'علي حبيب الحربي', 'أب', 'رياض الخبراء', '0505791083', NULL, NULL, NULL, NULL, 0, '1', NULL, NULL, NULL, NULL, '2021-02-01 01:40:24', '2021-02-01 01:40:24'),
(15, '138677', 'بدر على جزاء البدرانى الحربى', '27', '01', '1412', '1093119590', '09', '05', '1437', 'غير مبين', 'not_clear', '1045760061', 'علي جزاء الحربي', 'أب', 'قصر بن عقيل', '0555651966', NULL, NULL, NULL, NULL, 0, '1', NULL, NULL, NULL, NULL, '2021-02-01 03:22:04', '2021-02-01 03:22:04'),
(16, '9511', 'بندر نواف نافع الطريس', '15', '06', '1412', '1066539188', '15', '06', '1422', 'I.C.U', 'mokeed', '1029054861', 'نواف نافع الطريس', 'أب', 'الرس', '05000542335', NULL, NULL, '/img/profile/64a51b50d646d3657366cdc307e5e2c8.jpg', '/img/profile/98e60516879852f987e8c6138c2945e6.jpg', 0, '1', NULL, NULL, NULL, NULL, '2021-02-01 03:30:27', '2021-02-01 03:30:27'),
(17, '1218', 'ثامر عبدالعزيز منصور اليوسف', '06', '12', '1402', '1054752454', '29', '12', '1409', '3', 'mokeed', 'na11', 'منيرة السديس', 'أم', 'الرياض', '0554607272', NULL, NULL, NULL, NULL, 0, '1', NULL, NULL, NULL, NULL, '2021-02-01 03:42:15', '2021-02-01 03:42:15'),
(18, '6666', 'ثنيان عبدالرحمن سليمان الثنيان', '14', '02', '1405', '1068595014', '10', '06', '1412', '1', 'mokeed', '1068595006', 'عبدالعزيز الثنيان', 'أخ', 'رياض الخبراء', '0503972324', NULL, NULL, '/img/profile/45dcbc1802d785ced3f5cd0f2827f290.jpg', '/img/profile/02095813c341e498494e8fd597417b1c.jpg', 0, '1', NULL, NULL, NULL, NULL, '2021-02-01 04:03:38', '2021-02-01 04:03:38'),
(19, '173074', 'حامد سليمان بن محمد المظيبري', '10', '06', '1420', '1123415240', '01', '03', '1438', '6', 'not_clear', '1047183361', 'سليمان محمد المظيبري', 'أب', 'الرس', '0503521728', NULL, NULL, NULL, NULL, 0, '1', NULL, NULL, NULL, NULL, '2021-02-01 04:09:44', '2021-02-01 04:09:44'),
(20, '53417', 'حمود شمروخ محمد العتيبى', '04', '06', '1410', '1065340117', '01', '07', '1417', '3', 'not_clear', '1067029718', 'محمد شمروخ الحربي', 'أخ', 'ضرية', '0554971617', NULL, NULL, NULL, NULL, 0, '1', NULL, NULL, NULL, NULL, '2021-02-01 04:15:41', '2021-02-01 04:15:41'),
(21, '182713', 'خالد خضير نامى المطيرى', '09', '10', '1393', '1026272052', '27', '11', '1410', NULL, 'not_clear', '1026732519', 'فهد خضير المطيري', 'أخ', 'بريدة', '0580078777', NULL, NULL, NULL, NULL, 0, '1', NULL, NULL, NULL, NULL, '2021-02-01 04:19:47', '2021-02-01 04:19:47'),
(22, '1485', 'خالد صالح عبدالله على المحمود', '01', '07', '1399', '1018378271', '08', '08', '1405', '1', 'not_clear', 'nna', 'محمد صالح المحمود', 'أخ', 'البكيرية', '0506152073', NULL, NULL, NULL, NULL, 0, '1', NULL, NULL, NULL, NULL, '2021-02-01 04:22:47', '2021-02-01 04:22:47'),
(23, '38803', 'خالد عبدالله غميزى الحربى', '01', '07', '1397', '1025515816', '12', '02', '1413', 'العزل', 'mokeed', '1064614074', 'منيرة عبدالله الحربي', 'بريدة', '0506302635', NULL, NULL, NULL, '/img/profile/597b844a1dfe656a970d2836694d965f.jpg', NULL, 0, '1', NULL, NULL, NULL, NULL, '2021-02-02 01:03:56', '2021-02-02 01:03:56'),
(24, '1474', 'خالد عبدالله محمد الشمالي', '01', '07', '1389', '1041482884', '02', '01', '1409', NULL, 'not_clear', '1014722654', 'عبدالرحمن الشمالي', 'أخ', NULL, '0555440745', NULL, NULL, NULL, NULL, 0, '1', NULL, NULL, NULL, NULL, '2021-02-02 01:07:51', '2021-02-02 01:10:18'),
(25, '1201', 'خالد على محمد الجمعه', '01', '07', '1381', '1080028937', '28', '05', '1415', 'العزل', 'not_clear', '1048662728', 'أحمد علي الجمعة', 'أخ', 'بريدة', '0500330118 - 0545489044', NULL, NULL, '/img/profile/7d287eca239e6007cdf50b6b2e54e884.jpg', NULL, 0, '1', NULL, NULL, NULL, NULL, '2021-02-02 01:14:37', '2021-02-02 01:14:37'),
(26, '55227', 'خالد معلاء عواد الحربى', '11', '12', '1412', '1076948056', '10', '06', '1423', '3', 'open', '1003969696', 'معلاء عواد الحربي', 'أب', 'بريدة', '0506169706', NULL, NULL, '/img/profile/88baf62fe72a48d799ca584e14559c3b.jpg', '/img/profile/76da37d8202dec4366d48f8063696dc3.jpg', 0, '1', NULL, NULL, NULL, NULL, '2021-02-02 03:38:02', '2021-02-02 03:38:02'),
(27, '276461', 'خالد نايف رويشد الحربي', '18', '07', '1425', '1126086717', '24', '11', '1439', 'غير مبين', 'not_clear', '1018160786', 'نايف رويشد الحربي', 'أب', 'الاسياح', '0552030306', NULL, NULL, NULL, NULL, 0, '1', NULL, NULL, NULL, NULL, '2021-02-02 03:40:44', '2021-02-02 03:40:44'),
(28, '1130', 'خليفه معيوف كساب المطيرى', '01', '07', '1401', '1044360590', '21', '11', '1412', '1', 'open', 'nan', 'مسعود معيوف المطيري', 'أخ', 'الرس', '0553149006', NULL, NULL, '/img/profile/305b3752471fd12d1908cc6bdcbd9593.jpg', NULL, 0, '1', NULL, NULL, NULL, NULL, '2021-02-02 03:58:25', '2021-02-02 03:58:25'),
(29, '18337', 'خويشان عزيز خويشان الحربى', '13', '09', '1405', '1011027024', '04', '11', '1423', 'العزل', 'not_clear', '1006915654', 'عزيز خويشان الحربي', 'أب', NULL, '966555134799', NULL, NULL, NULL, NULL, 0, '1', NULL, NULL, NULL, NULL, '2021-02-02 04:06:06', '2021-02-02 04:06:06'),
(30, '1452', 'ذعار منور جزاء المطيرى', '01', '07', '1402', '1042389781', '22', '03', '1408', '6', 'not_clear', 'naa1', 'منور جزاء المطيري', 'أب', 'بريدة', '966554999138', NULL, NULL, NULL, NULL, 0, '1', NULL, NULL, NULL, NULL, '2021-02-02 04:12:17', '2021-02-02 04:12:17'),
(31, '15537', 'رائد خالد موسى الحربي', '06', '11', '1401', '1063753923', '15', '10', '1412', '2', 'open', '1033533223', 'خالد موسى ال', 'أب', 'الرياض', '0506148958', 'الحرس الوطني', NULL, '/img/profile/82b8362feacfe9fd9cd6bac46b4cd16a.jpg', '/img/profile/2ee3a3faa7716868c830084cc6ddfc1a.jpg', 0, '1', NULL, NULL, NULL, NULL, '2021-02-02 04:18:03', '2021-02-02 04:18:03'),
(32, '115369', 'رامى على عوض الحربى', '24', '06', '1415', '1093690327', '19', '05', '1437', '2', 'open', 'nna1', 'ربحة عوض الحربي', 'عمتة', 'البكيرية', '966557957053', NULL, NULL, NULL, NULL, 0, '1', NULL, NULL, NULL, NULL, '2021-02-02 04:25:07', '2021-02-02 04:25:31'),
(33, '1599', 'زكريا على خلف الدويغري', '10', '03', '1401', '1005690340', '03', '09', '1409', '1', 'open', '1005690282', 'علي خلف الدويغري', 'أب', 'البدائع', '966505154079', NULL, NULL, '/img/profile/a973e33b92fb1ae9b8ca29ef81b9437b.jpg', NULL, 0, '1', NULL, NULL, NULL, NULL, '2021-02-02 04:30:16', '2021-02-02 04:30:16'),
(34, '69900', 'زياد محمد عبدالله القاضى', '03', '12', '1405', '1021623390', '01', '04', '1422', '1', 'open', '1008024018', 'صلاح محمد القاضي', 'أخ', 'عنيزة', '966555133484', NULL, NULL, '/img/profile/5a138e1248404a92553df89fba737d87.jpg', '/img/profile/b659aa5133fc6c495e5d6fbd0be5388b.jpg', 0, '1', NULL, NULL, NULL, NULL, '2021-02-02 04:42:15', '2021-02-02 04:42:15'),
(35, '1545', 'سالم محمد سند المطيرى', '26', '10', '1403', '1058623958', '13', '05', '1408', 'العزل', 'open', '1016434852', 'محمد سند المطيري', 'أب', 'عنيزة', '966507457779', NULL, NULL, '/img/profile/9075a5ee90e23d9228f18b16a9c4e6ad.jpg', NULL, 0, '1', NULL, NULL, NULL, NULL, '2021-02-02 04:47:21', '2021-02-02 04:47:21'),
(36, '55192', 'سعود خالد دعيع الزغيبى', '01', '06', '1412', '1078033154', '10', '05', '1417', '2', 'open', '1007963174', 'خالد دعيع الزغيبي', 'أب', 'الرس', '0504985758 - 0550489884', NULL, NULL, '/img/profile/10e4501b9aded34443b702b5b641ddc1.jpg', NULL, 0, '1', NULL, NULL, NULL, NULL, '2021-02-02 05:15:54', '2021-02-02 05:15:54'),
(37, '42436', 'سلمان فهيد عنيزان الوهبي الحربي', '14', '04', '1410', '1066746478', '02', '06', '1416', 'غير مبين', 'mokeed', 'naa11', 'فهد عنيزان الحربي', 'أب', 'بريدة', '0505144919', NULL, NULL, NULL, NULL, 0, '1', NULL, NULL, NULL, NULL, '2021-02-02 05:20:45', '2021-02-02 05:20:45'),
(38, '100573', 'سليمان محمد علي الزايد', '05', '07', '1417', '1099520106', '15', '06', '1422', 'I.C.U', 'open', '1032718593', 'محمد علي الزايد', 'أب', 'بريدة', '0503080683', NULL, NULL, NULL, '/img/profile/b9c3d3344bd052ba2e0c504aa9ca3949.jpg', 0, '1', NULL, NULL, NULL, NULL, '2021-02-02 05:30:02', '2021-02-02 05:30:02'),
(39, '47256', 'سليمان محمد علي العبلاني', '03', '11', '1405', '1069720728', '12', '09', '1417', '6', 'not_clear', 'na101', 'حسين محمد العبلاني', 'أخ', 'الرياض', '0596777799', NULL, NULL, NULL, NULL, 0, '1', NULL, NULL, NULL, NULL, '2021-02-02 05:36:32', '2021-02-02 05:36:32'),
(40, '6662', 'شاكر حمود خلف الناحل الحربي', '01', '07', '1380', '1066066844', '28', '05', '1413', 'غير مبين', 'not_clear', 'naa10', 'نورة عيد الحربي', 'أم', 'رياض الخبراء', '966551195963', NULL, NULL, NULL, NULL, 0, '1', NULL, NULL, NULL, NULL, '2021-02-02 06:15:13', '2021-02-02 06:15:13'),
(41, '15538', 'صالح جارالله صالح الصنات', '17', '04', '1411', '1078511514', '13', '11', '1414', '2', 'open', '1008622076', 'جارالله صالح الصنات', 'أب', 'بريدة', '0551474750 - 0163322732', NULL, NULL, '/img/profile/4cbff7efd5d38d1262dc432989385eec.jpg', '/img/profile/5b376dee9451fd66da033deaaebd035e.jpg', 0, '1', NULL, NULL, NULL, NULL, '2021-02-02 06:22:22', '2021-02-02 06:22:22'),
(42, '1502', 'صالح عبدالرحمن صالح محسن العقلان', '16', '07', '1395', '1013881881', '06', '07', '1405', '2', 'open', 'na1001', 'عبدالرحمن صالح العقلان', 'أب', 'الرس', '0505143656 - 0163332723', NULL, NULL, '/img/profile/24fd207a70976da78bcfbe6923902e85.jpg', NULL, 0, '1', NULL, NULL, NULL, NULL, '2021-02-02 06:26:17', '2021-02-02 06:26:17'),
(43, '164968', 'صالح علي زيد العلوي الحربي', '01', '07', '1386', '1119107116', '03', '05', '1415', '1', 'open', '1055393274', 'زيد علي الحربي', 'أخ', 'البكيرية', '0555998007', NULL, NULL, '/img/profile/1cebde22d659c6f6413d982dcb0f0e9e.jpg', '/img/profile/0957e67aa638afb3664852bf0cbed29c.jpg', 0, '1', NULL, NULL, NULL, NULL, '2021-02-02 06:31:38', '2021-02-02 06:31:38'),
(44, '1389', 'صنت نايف فارس العتيبي', '15', '03', '1402', '1023074584', '16', '10', '1412', '1', 'mokeed', '1023074535', 'نايف فارس العتيبي', 'أب', 'المذنب', '0503974927', NULL, NULL, '/img/profile/cf212800b0652b569181c475dda6ad1b.jpg', NULL, 0, '1', NULL, NULL, NULL, NULL, '2021-02-02 07:07:17', '2021-02-02 07:07:17'),
(45, '3503', 'ضيف الله محسن الفواز', '15', '01', '1396', '1020194674', '08', '03', '1409', 'غير متوفر', 'mokeed', 'na002', 'شما الفواز', 'أم', 'الرس', '0503138693 - 0505908816', NULL, NULL, '/img/profile/edda31d1c9e5ba2be2b2e6034d2d0e0f.jpg', NULL, 0, '1', NULL, NULL, NULL, NULL, '2021-02-02 07:16:36', '2021-02-02 07:16:36'),
(46, '38646', 'طلال راضي سامر الشاطري المطيري', '01', '07', '1394', '1014013567', '08', '07', '1414', '3', 'open', '1014013542', 'راضي سامر المطيري', 'أب', 'بريدة', '0503975548', NULL, NULL, '/img/profile/bca67356b518f18e48edea014cc35af9.jpg', '/img/profile/a32d92c72f0245f4674e5992080dd209.jpg', 0, '1', NULL, NULL, NULL, NULL, '2021-02-02 08:06:07', '2021-02-02 08:06:07'),
(47, '35446', 'طلال صالح عبدالله الرثيع', '18', '09', '1403', '1021927445', '15', '11', '1414', NULL, 'open', 'na115', 'نورة الشحيتان', 'أم', 'الدوادمي', '0531106730', NULL, NULL, NULL, NULL, 0, '1', NULL, NULL, NULL, NULL, '2021-02-02 08:09:49', '2021-02-02 08:09:49'),
(48, '15540', 'عادل فرح حمدان الشلاحي المطيري', '06', '07', '1408', '1050098282', '27', '10', '1411', '3', 'open', '1034291284', 'فرح حمدان المطيري', 'أب', 'عشيرة', '0553390401', NULL, NULL, '/img/profile/30628c4cceedf1919afb0cee6018b420.jpg', NULL, 0, '1', NULL, NULL, NULL, NULL, '2021-02-03 01:15:49', '2021-02-03 01:15:49'),
(49, '95198', 'عادل نور سعدي العوفي الحربي', '13', '01', '1401', '1022443996', '10', '02', '1423', '1', 'not_clear', 'nnaa1', 'حمد راشد الحربي', 'خال', 'الرس', '0569510229', NULL, NULL, NULL, NULL, 0, '1', NULL, NULL, NULL, NULL, '2021-02-03 01:20:16', '2021-02-03 01:20:16'),
(50, '1582', 'عايش دريميح سفران العضيلة المطيري', '01', '07', '1389', '1056046277', '04', '01', '1409', 'العزل', 'not_clear', 'nan1', 'مشحن دريميح المطيري', 'أخ', 'الرس', '0504894556', NULL, NULL, NULL, NULL, 0, '1', NULL, NULL, NULL, NULL, '2021-02-03 01:24:43', '2021-02-03 01:24:43'),
(51, '21750', 'عبدالاله ضيف الله ناجي الحربي', '28', '11', '1408', '1062328487', '15', '06', '1422', '6', 'mokeed', 'غير متوفر 0001', 'منيرة عوض الحربي', 'والدتة', 'عريفجان ساحوق', '0503427267', NULL, NULL, NULL, NULL, 0, '1', NULL, NULL, NULL, NULL, '2021-02-03 01:30:40', '2021-02-03 01:30:40'),
(52, '138330', 'عبدالرحمن سلمان مصيلح المظيبري', '06', '03', '1411', '1068706967', '09', '05', '1437', 'غير مبين', 'not_clear', '1048155384', 'سلمان المظيبري', 'أب', 'الرس', '0507194935', NULL, NULL, NULL, NULL, 0, '1', NULL, NULL, NULL, NULL, '2021-02-03 01:36:33', '2021-02-03 01:36:33'),
(53, '38779', 'عبدالرحمن محمد فائز الفايز', '27', '05', '1400', '1015630757', '27', '12', '1414', '2', 'open', '1050694296', 'صالح محمد الفايز', 'أخ', 'الخبراء', '0555799543- 0555189393', NULL, NULL, '/img/profile/96896035a64b4d792e7efd52482279e5.jpg', '/img/profile/ac8536d400b0d6c6efda91acdc0384c0.jpg', 0, '1', NULL, NULL, NULL, NULL, '2021-02-03 01:43:03', '2021-02-03 01:43:03'),
(54, '109926', 'عبدالعزيز صالح ناشر العوني المطيري', '25', '04', '1417', '1093927638', '23', '02', '1423', '3', 'not_clear', '1020246615', 'صالح ناشر المطيري', 'أب', 'الرياض', '0503181043', NULL, NULL, NULL, NULL, 0, '1', NULL, NULL, NULL, NULL, '2021-02-03 01:48:45', '2021-02-03 01:48:45'),
(55, '164966', 'عبدالعزيز عبدالله صالح العمرو', '01', '07', '1378', '1091214849', '19', '11', '1410', '1', 'not_clear', 'غير متوفر1', 'صالح محمد العمرو', 'غير متوفر', 'البكيرية', '0555153823', NULL, NULL, NULL, NULL, 0, '1', NULL, NULL, NULL, NULL, '2021-02-03 02:00:28', '2021-02-03 02:00:28'),
(56, '7842', 'عبدالعزيز علي ناحي البشري الحربي', '01', '07', '1390', '1043410123', '15', '06', '1422', '2', 'open', 'غير متوفر01', 'عبدالرحمن علي الحربي', 'أخ', 'الرس', '0560294170', NULL, NULL, '/img/profile/30fbad1e489d5752f45b86f2cd4d4aeb.jpg', NULL, 0, '1', NULL, NULL, NULL, NULL, '2021-02-03 02:09:20', '2021-02-03 02:09:20'),
(57, '1567', 'عبدالعزيز محمد عبدالعزيز الحديثي', '01', '07', '1388', '1099336792', '27', '08', '1402', '1', 'not_clear', '1047654502', 'محمد الحديثي', 'أب', 'البكيرية', '0598880866', NULL, NULL, NULL, NULL, 0, '1', NULL, NULL, NULL, NULL, '2021-02-03 03:02:33', '2021-02-03 03:02:33'),
(58, '1678', 'عبدالقادر خميس المزيد', '01', '07', '1395', '1129981773', '01', '07', '1405', '2', 'not_clear', 'غير متوفر003', 'خميس محمد المزيد', 'أب', 'الرس', '0553988459-0163330442', NULL, NULL, NULL, NULL, 0, '1', NULL, NULL, NULL, NULL, '2021-02-03 03:06:06', '2021-02-03 03:06:06'),
(59, '7812', 'عبدالله جايز عبدالله القسامي العتيبي', '01', '07', '1392', '1013803869', '24', '02', '1416', '1', 'open', 'غير متوفر004', 'جايز طارش العتيبي', 'أب', 'البدائع', '0568891924-0554154008', NULL, NULL, '/img/profile/a42d97f55e59abe59f88edad8946348f.jpg', NULL, 0, '1', NULL, NULL, NULL, NULL, '2021-02-03 03:11:05', '2021-02-03 03:11:05'),
(60, '1453', 'عبدالله خليوي نويمي المطيري', '21', '07', '1401', 'عبدالله خليوي نويمي المطيري', '08', '08', '1413', 'I.C.U', 'open', '1044175436', 'محمد خليوي المطيري', 'أخ', 'البدائع', '0504434349', NULL, NULL, '/img/profile/566b10054ed7a203caca2dcbf4388a9a.jpg', '/img/profile/4871c576e591da78f692041339aa9a0e.jpg', 0, '1', NULL, NULL, NULL, NULL, '2021-02-03 03:29:44', '2021-02-03 03:29:44'),
(61, '125204', 'عبدالله شريد مفلح المطيري', '24', '01', '1413', '1079044846', '10', '02', '1423', '1', 'not_clear', 'غير متوفر005', 'غير متوفر', 'غير متوفر', 'غير متوفر', 'غير متوفر', 'غير متوفر', NULL, NULL, NULL, 0, '1', NULL, NULL, NULL, NULL, '2021-02-03 03:37:49', '2021-02-03 03:37:49'),
(62, '47352', 'عبدالله عبدالعزيز صالح الرشودي', '26', '03', '1411', '1073885293', '02', '09', '1416', '3', 'open', '1047028590', 'عبدالعزيز الرشودي', 'أب', 'بريدة', '0568494459', NULL, NULL, '/img/profile/99f60a92e17ac3a239b6b325a0e66225.jpg', '/img/profile/5ce48038ea36104c9d816279952f238a.jpg', 0, '1', NULL, NULL, NULL, NULL, '2021-02-03 03:43:10', '2021-02-03 03:43:10'),
(63, '38666', 'عبدالله عثمان محمد اليوسفي', '01', '07', '1390', '1053370555', '05', '08', '1440', 'غير مبين', 'not_clear', '1015894932', 'صالح محمد المقري', 'خال', NULL, '0506779009', NULL, NULL, NULL, NULL, 0, '1', NULL, NULL, NULL, NULL, '2021-02-03 04:06:41', '2021-02-03 04:06:41'),
(64, '258511', 'عبدالله علي مبارك الحارثي', '17', '12', '1426', '1132350560', '21', '02', '1440', 'غير مبين', 'not_clear', '1047127814', 'علي مبارك الحارثي', 'أب', NULL, '0554199496-0559631240', NULL, NULL, NULL, NULL, 0, '1', NULL, NULL, NULL, NULL, '2021-02-03 04:11:05', '2021-02-03 04:11:05'),
(65, '7969', 'عبدالله فالح جزاء المطيري', '15', '09', '1407', '1050772605', '06', '06', '1416', '2', 'not_clear', '1028793071', 'فالح جزاء المطيري', 'أب', 'البدائع', '0505171380 - 0553141142', NULL, NULL, NULL, NULL, 0, '1', NULL, NULL, NULL, NULL, '2021-02-03 04:13:17', '2021-02-03 04:13:17'),
(66, '1409', 'عبدالله فهد العبداللطيف الصالح', '01', '07', '1389', 'غير متوفر', '18', '11', '1408', '1', 'not_clear', 'غير متوفر007', 'فهد عبداللطيف الصالح', 'أب', 'الرياض', '0508111944', NULL, NULL, NULL, NULL, 0, '1', NULL, NULL, NULL, NULL, '2021-02-03 04:17:04', '2021-02-03 04:17:04'),
(67, '29818', 'عبدالله يوسف عبدالله الهواش', '26', '10', '1408', '1053802342', '16', '07', '1439', 'غير مبين', 'not_clear', 'غير متوفر008', 'محمد يوسف  الهواش', 'أخ', 'الرس', '0505147853-0163340814', NULL, NULL, NULL, NULL, 0, '1', NULL, NULL, NULL, NULL, '2021-02-03 04:19:27', '2021-02-03 04:19:27'),
(68, '124100', 'عبدالملك عبدالرحمن السعدون', '02', '10', '1414', '1084792744', '27', '02', '1425', '2', 'not_clear', 'غير متوفر009', 'عبدالرحمن السعدون', 'أخ', 'اوثال', '0505201571', NULL, NULL, NULL, NULL, 0, '1', NULL, NULL, NULL, NULL, '2021-02-03 04:21:13', '2021-02-03 04:21:13'),
(69, '261150', 'عزام عبدالله مرداس العتيبي', '02', '09', '1425', '1128525969', '24', '11', '1439', 'غير مبين', 'not_clear', '1055452286', 'عبدالله مرداس العتيبي', 'أب', 'عنيزة', '0505134814', NULL, NULL, NULL, NULL, 0, '1', NULL, NULL, NULL, NULL, '2021-02-03 04:25:34', '2021-02-03 04:25:34'),
(70, '151824', 'علي ابراهيم علي سليمان النجيباني', '08', '07', '1423', '1117728624', '30', '01', '1433', '3', 'not_clear', 'غير متوفر011', 'نورة السحيم', 'أم', 'الرس', '0551684558', NULL, NULL, NULL, NULL, 0, '1', NULL, NULL, NULL, NULL, '2021-02-03 04:31:26', '2021-02-03 04:31:26'),
(71, '7875', 'علي سليمان عبدالله السديس', '01', '07', '1377', '1093940706', '11', '05', '1418', '1', 'not_clear', 'غير متوفر022', 'غير متوفر', NULL, NULL, NULL, NULL, NULL, NULL, NULL, 0, '1', NULL, NULL, NULL, NULL, '2021-02-03 05:15:50', '2021-02-03 05:15:50'),
(72, '45853', 'علي فايح فيحان المطيري', '01', '08', '1411', '1077845335', '22', '08', '1418', '3', 'not_clear', '1035565132', 'فايح فيحان المطيري', 'أب', 'الظاهرية', '0503327822', NULL, NULL, NULL, NULL, 0, '1', NULL, NULL, NULL, NULL, '2021-02-03 05:34:20', '2021-02-03 05:34:20'),
(73, '54983', 'علي موسى علي الحربي', '11', '11', '1403', '1030567950', '27', '11', '1418', '1', 'open', '1078190244', 'سلمان موسى الحربي', 'أخ', 'عقلة الصقور', '966506904005', NULL, NULL, '/img/profile/ba28c8476a43251fc8badd0f82998693.jpg', NULL, 0, '1', NULL, NULL, NULL, NULL, '2021-02-03 05:37:44', '2021-02-03 05:37:44'),
(74, '3216', 'علي ناصر ابراهيم العضيب', '01', '07', '1384', 'غير متوفر033', '06', '07', '1433', '3', 'mokeed', '10193333028', 'عبدالرحمن ناصر العضيب', 'أخ', 'النبهانية', '0563002013', NULL, NULL, NULL, NULL, 0, '1', NULL, NULL, NULL, NULL, '2021-02-03 05:51:15', '2021-02-03 05:51:15'),
(75, '270378', 'عمر عبدالعزيز محمد البطي', '05', '11', '1418', '1098259201', '08', '03', '1439', 'غير مبين', 'not_clear', '1024321687', 'مزنة عبدالرحمن البطي', 'أم', 'الرس', '0503981311', NULL, NULL, NULL, NULL, 0, '1', NULL, NULL, NULL, NULL, '2021-02-03 05:58:49', '2021-02-03 05:58:49'),
(76, '174665', 'عمر ملفي عبيد البشري الحربي', '22', '03', '1416', '1092639770', '22', '07', '1438', 'غير مبين', 'not_clear', '1027681566', 'ملفي عبيد الحربي', 'أب', 'رياض الخبراء', '0557444250-0509440880', NULL, NULL, NULL, NULL, 0, '1', NULL, NULL, NULL, NULL, '2021-02-03 06:02:18', '2021-02-03 06:02:18'),
(77, '175892', 'عويض طلال عيد العتيبي', '01', '07', '1402', '1105738205', '01', '02', '1417', '1', 'not_clear', '1013279210', 'طلال عيد العتيبي', 'أب', 'الدوادمي', '0551413055', NULL, NULL, NULL, NULL, 0, '1', NULL, NULL, NULL, NULL, '2021-02-03 06:04:49', '2021-02-03 06:04:49'),
(78, '115376', 'فارس محمد عبدالله العوفي', '18', '04', '1417', '1099631481', '22', '01', '1427', '3', 'not_clear', '1037854195', 'محمد عبدالله العوفي', 'أب', 'بريدة', '0531370704', NULL, NULL, NULL, NULL, 0, '1', NULL, NULL, NULL, NULL, '2021-02-03 06:13:26', '2021-02-03 06:13:26'),
(79, '123746', 'فهد حمود تركي القصيري الحربي', '29', '12', '1413', '1077051223', '09', '05', '1437', 'غير مبين', 'not_clear', 'غير متوفر066', 'حمود تركي الحربي', 'أب', 'البدائع', '0558507898-0590065774', NULL, NULL, NULL, NULL, 0, '1', NULL, NULL, NULL, NULL, '2021-02-03 06:18:24', '2021-02-03 06:18:24'),
(80, '1227', 'فهد صالح حدجان الغرابي الحربي', '01', '07', '1402', '1034823193', '06', '05', '1413', '2', 'mokeed', 'غيرمتوفرx00', 'صالح حدجان الحربي', 'أب', 'الرس', '0580588850', NULL, NULL, '/img/profile/18ad0c026770c49b5c5ab139d335168b.jpg', NULL, 0, '1', NULL, NULL, NULL, NULL, '2021-02-03 06:23:56', '2021-02-03 06:23:56'),
(81, '40864', 'فهد صالح عبدالرحمن العودة', '23', '02', '1410', '1062900582', '01', '09', '1417', '2', 'not_clear', 'غير متوفرx003', 'صالح عبدالرحمن العودة', 'أب', 'بريدة', '0561254753-0505124733', NULL, NULL, NULL, NULL, 0, '1', NULL, NULL, NULL, NULL, '2021-02-03 06:44:09', '2021-02-03 06:44:09'),
(82, '389437', 'فهد عبيد عنيزان العازمي', '06', '08', '1413', '1081480541', '01', '12', '1438', 'غير مبين', 'not_clear', '1037030069', 'عبيد عنيزان العازمي', 'أب', 'بريدة', '0557086619-0509297955', NULL, NULL, NULL, NULL, 0, '1', NULL, NULL, NULL, NULL, '2021-02-04 02:59:39', '2021-02-04 02:59:39'),
(83, '54986', 'فهد متعب بليعيس البدراني الحربي', '20', '12', '1410', '1082184910', '10', '03', '1423', '3', 'not_clear', 'غيرمتوفر1', 'متعب بليعيس الحربي', 'أب', 'عقلة الصقور', '0506675270', NULL, NULL, NULL, NULL, 0, '1', NULL, NULL, NULL, NULL, '2021-02-04 03:04:34', '2021-02-04 03:04:34'),
(84, '3502', 'فهيد سعد عايض الفريدي الحربي', '01', '07', '1392', '1034765295', '20', '09', '1409', '6', 'not_clear', '1029507587', 'فهد سعد الحربي', 'أخ', 'بريدة', '0508299040', NULL, NULL, NULL, NULL, 0, '1', NULL, NULL, NULL, NULL, '2021-02-04 03:07:38', '2021-02-04 03:07:38'),
(85, '3506', 'فواز ذعار خالد الطريسي الحربي', '01', '07', '1391', '1012695407', '03', '07', '1408', '1', 'open', '1012695357', 'ذعار خالد الحربي', 'أب', 'الرس', '0555132277-0543745500', NULL, NULL, '/img/profile/ee852539ecd2d84710b4210cff2e5e8b.jpg', NULL, 0, '1', NULL, NULL, NULL, NULL, '2021-02-04 03:12:04', '2021-02-04 03:12:04'),
(86, '1695', 'ماجد حمود رفيع العتيبي', '01', '07', '1389', '1060193446', '22', '06', '1412', '1', 'open', 'غيرمتوفر012', 'حمود رفيع العتيبي', 'أب', 'ضرية', '0551213303-0507410003', NULL, NULL, '/img/profile/7b0a765e0afb9bd5bdc8de53ea68aba6.jpg', NULL, 0, '1', NULL, NULL, NULL, NULL, '2021-02-04 03:18:11', '2021-02-04 03:24:02'),
(87, '46968', 'ماجد عواضة عايض الهجلة المطيري', '13', '06', '1408', '1069038683', '15', '06', '1422', '3', 'not_clear', 'غيرمتوفر01', 'منيرة حمدان المطيري', 'والدته', 'مكة', '0533429821', NULL, NULL, NULL, NULL, 0, '1', NULL, NULL, NULL, NULL, '2021-02-04 03:26:41', '2021-02-04 03:26:41'),
(88, '125567', 'ماجد عيد جعيلان الغيداني الحربي', '20', '08', '1417', '1093884821', '09', '01', '1425', 'I.C.U', 'not_clear', '1035718566', 'عيد جعيلان الحربي', 'أب', 'حفر الباطن', '0505947925', NULL, NULL, NULL, NULL, 0, '1', NULL, NULL, NULL, NULL, '2021-02-04 03:30:23', '2021-02-04 03:30:23'),
(89, '370662', 'ماجد مهنا حامد الحربي', '03', '05', '1408', '1063221210', '23', '06', '1439', '1', 'not_clear', '1020215610', 'مهنا حامد الحربي', 'أب', 'الحيسونية', '0503978134', NULL, NULL, NULL, NULL, 0, '1', NULL, NULL, NULL, NULL, '2021-02-04 04:05:16', '2021-02-04 04:05:16'),
(90, '38673', 'متعب محمد سليمان العطني', '06', '01', '1406', '1050092822', '25', '11', '1410', 'العزل', 'open', 'غيرمتوفر110', 'فهد محمد العطني', 'أخ', 'الرس', '0555138658', NULL, NULL, '/img/profile/059a1778731f5ebb631e0a41d3bc77d6.jpg', NULL, 0, '1', NULL, NULL, NULL, NULL, '2021-02-04 04:45:26', '2021-02-04 04:45:26'),
(91, '1630', 'محسن محمد محسن المحسن', '01', '12', '1392', '1034662666', '16', '05', '1408', '2', 'not_clear', 'غيرمتوفر078', 'محمد محسن المحسن', 'أب', 'بريدة', '0545275414-0550675595', NULL, NULL, NULL, NULL, 0, '1', NULL, NULL, NULL, NULL, '2021-02-07 00:44:19', '2021-02-07 00:44:19'),
(92, '38815', 'محمد حسين مبيرك الحربي', '13', '10', '1391', '1049418260', '22', '04', '1415', '2', 'not_clear', 'غيرمتوفر049', 'حسين مبيرك الحربي', 'أب', 'الدليمية', '0551714868-0504145422', NULL, NULL, NULL, NULL, 0, '1', NULL, NULL, NULL, NULL, '2021-02-07 00:47:43', '2021-02-07 00:47:43'),
(93, '9502', 'محمد سعد مزيد الروقي العتيبي', '26', '11', '1403', '1062627979', '04', '07', '1416', '3', 'not_clear', '1029963921', 'سعد مزيد العتيبي', 'أب', 'عنيزة', '0554281102', NULL, NULL, NULL, NULL, 0, '1', NULL, NULL, NULL, NULL, '2021-02-07 00:54:43', '2021-02-07 00:54:43'),
(94, '1558', 'محمد سعيد ناشر يافعي', '01', '07', '1397', '2052854300', '01', '12', '1422', '3', 'mokeed', '2052854300', 'سعيد ناشر يافعي', 'أب', 'بريدة', '0501344405', NULL, NULL, '/img/profile/8dad32bffd1a3628f9cbd49511d7f1e7.jpg', '/img/profile/3b4c7e3af3f96ecbfe0e07ca485d2253.jpg', 0, '1', NULL, NULL, NULL, NULL, '2021-02-07 00:59:31', '2021-02-07 00:59:31'),
(95, '140288', 'محمد صالح عبدالله البطي', '19', '10', '1403', '1038385694', '22', '03', '1438', 'غير مبين', 'not_clear', 'غير متوفر024', 'احمد صالح البطي', 'أخ', 'بريدة', '0555133353-0551205007', NULL, NULL, NULL, NULL, 0, '1', NULL, NULL, NULL, NULL, '2021-02-07 01:04:38', '2021-02-07 01:04:38'),
(96, '9257', 'محمد عائش محمد الحربي', '01', '07', '1396', '1109882025', '13', '08', '1421', '3', 'not_clear', '1043523610', 'زيد عائش الحربي', 'أخ', 'مرغان', '0506131327', NULL, NULL, NULL, NULL, 0, '1', NULL, NULL, NULL, NULL, '2021-02-07 01:09:22', '2021-02-07 01:09:22'),
(97, '1616', 'محمد عبدالرحمن عبدالعزيز الحديثي', '01', '07', '1399', '1013655038', '11', '02', '1407', 'العزل', 'not_clear', 'غيرمتوفر009', 'عبدالرحمن عبدالعزيز الحديثي', 'أب', 'البكيرية', '0554545538 -0506099162', NULL, NULL, NULL, NULL, 0, '1', NULL, NULL, NULL, NULL, '2021-02-07 01:13:36', '2021-02-07 01:13:36'),
(98, '32759', 'محمد عبدالله ابراهيم حمد الحسيكا', '23', '03', '1409', '1057025619', '01', '04', '1422', '2', 'not_clear', '1035726999', 'نورة التويجري', 'والدتة', 'البكيرية', '0530139299', NULL, NULL, NULL, NULL, 0, '1', NULL, NULL, NULL, NULL, '2021-02-07 01:18:30', '2021-02-07 01:18:30'),
(99, '208457', 'محمد عبدالله حمد الراشد', '09', '12', '1423', '1119271938', '23', '11', '1439', 'غير مبين', 'not_clear', '101360842', 'عبدالله حمد الراشد', 'أب', 'الرس', '966505138169', NULL, NULL, NULL, NULL, 0, '1', NULL, NULL, NULL, NULL, '2021-02-07 01:33:26', '2021-02-07 01:33:56'),
(100, '1555', 'محمد عبدالله دحيلان الحربي', '01', '07', '1396', '1008888669', '20', '08', '1407', '2', 'not_clear', 'غيرمتوفر011', 'عبدالله دحيلان الحربي', 'أب', 'بريدة', '966594989998', NULL, NULL, NULL, NULL, 0, '1', NULL, NULL, NULL, NULL, '2021-02-07 01:36:55', '2021-02-07 01:36:55'),
(101, '15529', 'محمد فلاح سويد المطيري', '01', '07', '1407', '1027995941', '19', '12', '1414', '2', 'open', '1021799588', 'فلاح سويد المطيري', 'أب', 'الدوادمي', '056029000-0560455237', NULL, NULL, NULL, NULL, 0, '1', NULL, NULL, NULL, NULL, '2021-02-07 01:41:18', '2021-02-07 01:41:18'),
(102, '38674', 'محمد معلا محمد الطريسي الحربي', '07', '02', '1406', '1063797961', '13', '05', '1415', '1', 'open', '1023056920', 'معلاء محمد الحربي', 'أب', 'بريدة', '0555135253', NULL, NULL, '/img/profile/acf568cb6ee232bc76618769511c902a.jpg', '/img/profile/0e22374e0db2161c0006fb75a6a1f814.jpg', 0, '1', NULL, NULL, NULL, NULL, '2021-02-07 01:48:32', '2021-02-07 01:48:47'),
(103, '38792', 'محمد منيع الله حشيم العازمي العتيبي', '10', '05', '1404', '1032457481', '09', '04', '1414', '2', 'not_clear', 'غيرمتوفر78', 'منيع الله خشيم العتيبي', 'الدوادمي', '0563335366-0504436817', NULL, NULL, NULL, NULL, NULL, 0, '1', NULL, NULL, NULL, NULL, '2021-02-07 01:58:42', '2021-02-07 01:58:42'),
(104, '93689', 'محمد منيف نائف الطريسي الحربي', '01', '08', '1415', '1084490992', '15', '06', '1422', '2', 'open', '1032799148', 'منيف نايف الحربي', 'أب', 'البتراء', '0505148830-0504898750', NULL, NULL, '/img/profile/2da8489bb499c868e0f1542ad3c84505.jpg', NULL, 0, '1', NULL, NULL, NULL, NULL, '2021-02-07 02:14:36', '2021-02-07 02:14:36'),
(105, '69864', 'مشاري ضيف الله خضران الحربي', '26', '05', '1413', '1076912417', '03', '01', '1425', '2', 'open', '1036730057', 'ضيف الله خضران الحربي', 'أب', 'الخبراء', '0500364002-0163341617', NULL, NULL, '/img/profile/b1d7115e3aa68c6a08482a616828f1cd.jpg', NULL, 0, '1', NULL, NULL, NULL, NULL, '2021-02-07 02:20:49', '2021-02-07 02:20:49'),
(106, '1287', 'مطلق مبروك مبيريك الشلاحي المطيري', '15', '09', '1397', '1039274509', '29', '06', '1412', 'I.C.U', 'not_clear', 'غيرمتوفر045', 'مبروك مبيريك المطيري', 'أب', 'عشيرة', '0508384897', NULL, NULL, NULL, NULL, 0, '1', NULL, NULL, NULL, NULL, '2021-02-07 02:24:09', '2021-02-07 02:24:34'),
(107, '15533', 'مناع تريحيب حامد العقيلي المطيري', '26', '07', '1409', '1104238751', '01', '01', '1418', '3', 'not_clear', 'غيرمتوفر006', 'فيصل تريحيب المطيري', 'أخ', 'البكيرية', '0508417299', NULL, NULL, NULL, NULL, 0, '1', NULL, NULL, NULL, NULL, '2021-02-07 02:43:17', '2021-02-07 02:43:17'),
(108, '1607', 'منور عواض صنهات العتيبي', '30', '01', '1400', '1034734515', '02', '08', '1408', 'العزل', 'open', 'غيرمتوفر048', 'عواض صنهات العتيبي', 'أب', 'الطائف', '0555707572', NULL, NULL, '/img/profile/38bf8fe4d6aa6bc17e93d159c97ee062.jpg', NULL, 0, '1', NULL, NULL, NULL, NULL, '2021-02-07 02:46:26', '2021-02-07 02:46:26'),
(109, '72863', 'موسى عيد عويد الحربي', '29', '08', '1413', '1075755700', '15', '06', '1422', '3', 'not_clear', '1017564756', 'محمد عيد الحربي', 'أخ', 'البكيرية', '0539066063', NULL, NULL, NULL, NULL, 0, '1', NULL, NULL, NULL, NULL, '2021-02-07 03:07:28', '2021-02-07 03:07:28'),
(110, '29831', 'ناصر سالم سعد البشري الحربي', '26', '08', '1397', '1125612133', '22', '04', '1415', '1', 'not_clear', '1026603405', 'غازي سالم الحربي', 'أخ', 'الفويلق', '0503008120', NULL, NULL, NULL, NULL, 0, '1', NULL, NULL, NULL, NULL, '2021-02-07 03:13:20', '2021-02-07 03:13:20'),
(111, '314230', 'ندا جهز زبن الطريسي الحربي', '05', '11', '1426', '1142330743', '03', '02', '1439', 'غير مبين', 'not_clear', 'غيرمتوفر800', 'خليفة جهز الحربي', 'أخ', 'انبية', '0503136195', NULL, NULL, NULL, NULL, 0, '1', NULL, NULL, NULL, NULL, '2021-02-07 06:55:56', '2021-02-07 06:56:16'),
(112, '1463', 'وائل محمد عبدالرحمن رشيد الجربوع', '29', '05', '1397', '1017955772', '19', '01', '1409', '3', 'not_clear', 'غيرمتوفر005', 'عبدالله محمد الجربوع', 'أخ', 'رفحاء', '0505387666', NULL, NULL, NULL, NULL, 0, '1', NULL, NULL, NULL, NULL, '2021-02-07 07:01:21', '2021-02-07 07:01:21'),
(113, '33014', 'وليد عبدالعزيز احمد عبدالهادي', '29', '12', '1410', '1089078719', '01', '01', '1420', '3', 'not_clear', 'ظروف خاصة', 'ظروف خاصة', 'ظروف خاصة', 'ظروف خاصة', 'ظروف خاصة', 'ظروف خاصة', NULL, NULL, NULL, 0, '1', NULL, NULL, NULL, NULL, '2021-02-07 07:13:03', '2021-02-07 07:13:03'),
(114, '103028', 'يزيد ناصر عبدالله الوهيبي', '16', '05', '1415', '1089509481', '19', '02', '1421', '3', 'not_clear', '1024283960', 'ناصر عبدالله الوهيبي', 'أب', 'الخرج', '0505152009', NULL, NULL, NULL, NULL, 0, '1', NULL, NULL, NULL, NULL, '2021-02-07 07:16:02', '2021-02-07 07:16:02'),
(115, '38647', 'يوسف تريحيب محمد المرواني الحربي', '14', '10', '1398', '1066875764', '27', '12', '1414', '2', 'not_clear', 'غيرمتوفر440', 'تريحيب محمد الحربي', 'أب', 'الفوارة', '0505952996-0506300108', NULL, NULL, NULL, NULL, 0, '1', NULL, NULL, NULL, NULL, '2021-02-07 07:18:06', '2021-02-07 07:18:06'),
(116, '1508', 'يوسف حمدان صالح الحربي', '01', '07', '1399', '1027811577', '18', '11', '1413', '3', 'not_clear', '1027811619', 'هلة عاتق الحربي', 'أم', 'القرين', '0553999305', NULL, NULL, NULL, NULL, 0, '1', NULL, NULL, NULL, NULL, '2021-02-07 07:23:51', '2021-02-07 07:23:51'),
(117, '1211', 'يوسف صالح ناصر ضيف الله الجهني', '19', '07', '1400', '1036475695', '02', '01', '1411', 'I.C.U', 'not_clear', 'غيرمتوفر043', 'حصة عبدالله القرناس', 'والدتة', 'الرس', '0553141214', NULL, NULL, NULL, NULL, 0, '1', NULL, NULL, NULL, NULL, '2021-02-07 07:30:56', '2021-02-07 07:30:56'),
(118, '65784', 'يوسف عويمر حامد المطيري', '22', '09', '1412', '1084591070', '15', '06', '1422', '6', 'not_clear', 'غيرمتوفر001', 'عويمر حامد المطيري', 'أب', 'الرس', '0500601819', NULL, NULL, NULL, NULL, 0, '1', NULL, NULL, NULL, NULL, '2021-02-07 07:35:13', '2021-02-07 07:35:13'),
(119, '38656', 'يوسف مبارك مبرك الحربي', '13', '05', '1404', '1064517020', '19', '04', '1415', '2', 'not_clear', '1064496399', 'مبارك مبيرك الحربي', 'أب', 'الرس', '0538987592-0509503713', NULL, NULL, NULL, NULL, 0, '1', NULL, NULL, NULL, NULL, '2021-02-07 07:38:05', '2021-02-07 07:38:05'),
(120, '3504', 'يوسف محمد عبدالله المسيميري', '01', '07', '1400', '1046051643', '28', '04', '1413', '1', 'open', '1018868982', 'عبدالله محمد المسيميري', 'أخ', 'الرس', '966504287194', NULL, NULL, '/img/profile/65f8af6e7cdd94cc9a38ef8a809e5446.jpg', NULL, 0, '1', NULL, NULL, NULL, NULL, '2021-02-07 07:42:59', '2021-02-07 07:42:59'),
(121, '5982', 'ابتهاج عثمان صالح السعدون', '05', '12', '1407', '1063518391', '03', '06', '1420', 'غير مبين', 'open', '1036878294', 'عثمان صالح محمد السعدون', 'أب', 'عيون الجواء', '0555149404', NULL, NULL, '/img/profile/8e16cfd98ad3119b33372b3d3d6a25ea.jpg', '/img/profile/66a219311065351ade8adef59fe41d29.jpg', 0, '2', NULL, NULL, NULL, NULL, '2021-02-09 02:59:46', '2021-02-09 02:59:46'),
(122, '66117', 'ابتهال صالح عبدالعزيز العجلان', '07', '05', '1406', '1083365849', '16', '03', '1424', 'غير مبين', 'not_clear', 'غيرمتوفر100', NULL, NULL, NULL, NULL, NULL, NULL, NULL, NULL, 0, '2', NULL, NULL, NULL, NULL, '2021-02-09 03:01:16', '2021-02-09 03:01:16'),
(123, '154204', 'ابتهال محمد ابراهيم الحربي', '26', '11', '1412', '1078547146', '06', '01', '1423', 'غير مبين', 'open', '1040615914', 'محمد ابراهيم الحربي', 'أب', 'الرياض', NULL, NULL, NULL, '/img/profile/a0330300bccc1967d0ab7fafd231c18c.jpg', NULL, 0, '2', NULL, NULL, NULL, NULL, '2021-02-09 03:34:47', '2021-02-09 03:34:47'),
(124, '646744', 'ارجوان أحمد حمد الغنام', '03', '08', '1432', '1159022639', '27', '01', '1440', 'غير مبين', 'not_clear', '1001189330', 'احمد الغنام', 'أب', NULL, '0504884037', NULL, NULL, NULL, NULL, 0, '2', NULL, NULL, NULL, NULL, '2021-02-09 03:52:17', '2021-02-09 03:52:17'),
(125, '85315', 'اروى انس محمد عبدالله التركي', '07', '11', '1413', '1082394964', '01', '02', '1422', 'غير مبين', 'not_clear', NULL, NULL, NULL, NULL, NULL, NULL, NULL, NULL, NULL, 0, '2', NULL, NULL, NULL, NULL, '2021-02-09 04:02:25', '2021-02-09 04:02:25'),
(126, '15440', 'اسماء صالح عبدالرحمن البليهي', '01', '07', '1401', '1038045389', '17', '02', '1409', 'غير مبين', 'mokeed', 'غيرمتوفر99', NULL, NULL, NULL, NULL, NULL, NULL, NULL, NULL, 0, '2', NULL, NULL, NULL, NULL, '2021-02-09 04:07:52', '2021-02-09 04:07:52'),
(127, '47667', 'اسماء مرزوق جبير المطيري', '24', '09', '1411', '1080686650', '09', '02', '1423', 'غير مبين', 'not_clear', 'غيرمتوفر98', NULL, NULL, NULL, NULL, NULL, NULL, NULL, NULL, 0, '2', NULL, NULL, NULL, NULL, '2021-02-09 04:12:35', '2021-02-09 04:12:35'),
(128, '34378', 'افنان صالح علي الحجاج', '20', '08', '1401', '1037830666', '02', '02', '1438', 'غير مبين', 'not_clear', 'غيرمتوفر97', NULL, NULL, NULL, NULL, NULL, NULL, NULL, NULL, 0, '2', NULL, NULL, NULL, NULL, '2021-02-09 04:45:41', '2021-02-09 07:07:58'),
(129, '64289', 'البندري عائض دغيم العتيبي', '01', '07', '1400', '1032446393', '03', '08', '1419', 'غير مبين', 'mokeed', 'غيرمتوفر96', NULL, NULL, NULL, NULL, NULL, NULL, NULL, NULL, 0, '2', NULL, NULL, NULL, NULL, '2021-02-09 06:12:23', '2021-02-09 06:12:23'),
(130, '28341', 'الجوهرة عبدالله عثمان اليحيا', '01', '07', '1395', '1007128562', '28', '05', '1430', '1007128562', 'mokeed', '1007128554', 'عبدالعزيز عبدالله اليحيا', 'أخ', 'بريدة', '0569311354', NULL, NULL, '/img/profile/277d04178b122caea9a2e7eea9c6c559.jpg', '/img/profile/8aa9fe72c86f977909085bb2189d5b5c.jpg', 0, '2', NULL, NULL, NULL, NULL, '2021-02-09 06:16:55', '2021-02-09 06:16:55'),
(131, '67241', 'الجوهرة عيد خالد المطيري', '13', '05', '1413', '1074229343', '19', '08', '1424', 'غير مبين', 'mokeed', '1025091248', 'عيد المطيري', 'أب', 'عنيزة', '0503805485', NULL, NULL, '/img/profile/7dc6db9681eb4e1a82993b86e8295fd9.jpg', NULL, 0, '2', NULL, NULL, NULL, NULL, '2021-02-09 06:22:33', '2021-02-09 06:25:13'),
(132, '6655', 'الصنوت سالم فلاح الحربي', '01', '07', '1376', '1053498224', '04', '07', '1415', 'غير مبين', 'mokeed', 'غيرمتوفر94', NULL, NULL, NULL, NULL, NULL, NULL, NULL, NULL, 0, '2', NULL, NULL, NULL, NULL, '2021-02-09 06:50:06', '2021-02-09 06:50:06'),
(133, '21286', 'اماني علي مرشود راشد الاحمدي', '15', '08', '1405', '1017092444', '23', '06', '1411', 'غير مبين', 'mokeed', '1011161682', 'علي الاحمدي', 'أب', NULL, '0505313040', NULL, NULL, NULL, NULL, 0, '2', NULL, NULL, NULL, NULL, '2021-02-09 06:56:01', '2021-02-09 06:56:01'),
(134, '66604', 'امجاد عبدالله سليمان الفضل', '20', '12', '1413', '1076914926', '01', '07', '1418', 'غير مبين', 'mokeed', '1014043641', 'عبدالله سليمان الفضل', 'أب', NULL, '0500327374', NULL, NULL, '/img/profile/e2342dab82877ecf15aa5eb586f2246e.jpg', NULL, 0, '2', NULL, NULL, NULL, NULL, '2021-02-10 03:03:28', '2021-02-10 03:03:28'),
(135, '116948', 'امجاد علي حسن العبدالرحيم', '27', '03', '1411', '1094219233', '02', '07', '1436', 'غير مبين', 'mokeed', '1002642724', 'علس حسن العبدالرحيم', 'أب', NULL, '0505140693', NULL, NULL, NULL, NULL, 0, '2', NULL, NULL, NULL, NULL, '2021-02-10 03:08:45', '2021-02-10 03:08:45'),
(136, '38726', 'امجاد مسلم رشيد الصالحي', '12', '11', '1408', '1072246034', '24', '05', '1414', 'غير مبين', 'mokeed', '10386870663', 'مسلم رشيد صالح الصالحي', 'أب', 'البدائع', '0553324480', NULL, NULL, '/img/profile/fd040d19b7b5575c65c85a05d3c37113.jpg', '/img/profile/509fc3e51f10a824720b7bb169ff031e.jpg', 0, '2', NULL, NULL, NULL, NULL, '2021-02-10 03:19:01', '2021-02-10 03:19:01'),
(137, '10213', 'امل حمد صالح العوفي الحربي', '01', '07', '1399', '1075039048', '09', '03', '1423', 'غير مبين', 'mokeed', 'غيرمتوفر93', NULL, NULL, NULL, NULL, NULL, NULL, NULL, NULL, 0, '2', NULL, NULL, NULL, NULL, '2021-02-10 03:26:33', '2021-02-10 03:26:33'),
(138, '122960', 'امل صالح سالم الحربي', '07', '09', '1415', '1090196732', '08', '05', '1439', 'غير مبين', 'mokeed', 'غيرمتوفر92', NULL, NULL, NULL, NULL, NULL, NULL, NULL, NULL, 0, '2', NULL, NULL, NULL, NULL, '2021-02-11 01:29:46', '2021-02-11 01:29:46'),
(139, '35423', 'امل ضيف الله مرزوق الحربي', '03', '04', '1410', '1074174812', '02', '01', '1417', 'غير مبين', 'mokeed', 'غيرمتوفر91', NULL, NULL, NULL, NULL, NULL, NULL, NULL, NULL, 0, '2', NULL, NULL, NULL, NULL, '2021-02-11 01:37:02', '2021-02-11 01:37:02'),
(140, '126964', 'امل عبدالرحمن علي العساف', '30', '1', '1411', '1081149393', '01', '09', '1422', 'غير مبين', 'not_clear', '1057035220', 'عبدالرحمن علي حمد العساف', 'أب', 'عيون الجواء', '050148039', NULL, NULL, NULL, '/img/profile/e93796f263933054c45fa083f2904c71.jpg', 0, '2', NULL, NULL, NULL, NULL, '2021-02-11 02:16:12', '2021-02-11 02:16:12'),
(141, '143588', 'امل محمد بالود الحربي', '01', '04', '1416', '1087505192', '09', '01', '1438', 'غير مبين', 'open', '1048845380', 'محمد بالود الحربي', 'أب', NULL, NULL, NULL, NULL, NULL, NULL, 0, '2', NULL, NULL, NULL, NULL, '2021-02-11 07:05:18', '2021-02-11 07:05:18');

-- --------------------------------------------------------

--
-- Table structure for table `mokeem_person_relative`
--

CREATE TABLE `mokeem_person_relative` (
  `id` bigint(20) UNSIGNED NOT NULL,
  `person_id` bigint(20) UNSIGNED NOT NULL,
  `relative_id` bigint(20) UNSIGNED NOT NULL,
  `relative_desc` text COLLATE utf8mb4_unicode_ci DEFAULT NULL,
  `created_at` timestamp NULL DEFAULT NULL,
  `updated_at` timestamp NULL DEFAULT NULL
) ENGINE=InnoDB DEFAULT CHARSET=utf8mb4 COLLATE=utf8mb4_unicode_ci;

--
-- Dumping data for table `mokeem_person_relative`
--

INSERT INTO `mokeem_person_relative` (`id`, `person_id`, `relative_id`, `relative_desc`, `created_at`, `updated_at`) VALUES
(3, 1, 1, 'قريب ليا', '2021-01-11 08:44:32', '2021-01-11 08:44:32'),
(4, 1, 3, 'قريب 555', '2021-01-11 08:45:07', '2021-01-11 08:45:07'),
(6, 6, 8, 'الاب', '2021-01-26 04:42:34', '2021-01-26 04:42:34'),
(7, 6, 9, 'أبن عم', '2021-01-26 04:49:17', '2021-01-26 04:49:17'),
(8, 6, 10, 'أخت', '2021-01-26 04:49:37', '2021-01-26 04:49:37'),
(9, 6, 11, 'أبن عم', '2021-01-26 04:49:46', '2021-01-26 04:49:46'),
(10, 6, 12, 'أخت', '2021-01-26 04:49:54', '2021-01-26 04:49:54'),
(11, 7, 13, 'الاب', '2021-01-26 04:52:40', '2021-01-26 04:52:40'),
(12, 8, 15, 'الاب', '2021-01-26 04:59:56', '2021-01-26 04:59:56'),
(13, 8, 16, 'أبن أخت', '2021-01-26 05:01:33', '2021-01-26 05:01:33'),
(14, 9, 17, 'الاب', '2021-01-26 05:15:24', '2021-01-26 05:15:24'),
(15, 10, 18, 'الاب', '2021-02-01 00:59:28', '2021-02-01 00:59:28'),
(16, 10, 19, 'أخت', '2021-02-01 01:07:40', '2021-02-01 01:07:40'),
(17, 10, 20, 'أخت', '2021-02-01 01:07:51', '2021-02-01 01:07:51'),
(18, 10, 21, 'أخت', '2021-02-01 01:08:02', '2021-02-01 01:08:02'),
(19, 10, 22, 'أخ', '2021-02-01 01:08:13', '2021-02-01 01:08:13'),
(20, 10, 23, 'أبن أخ', '2021-02-01 01:08:30', '2021-02-01 01:08:30'),
(21, 11, 24, 'الاب', '2021-02-01 01:11:42', '2021-02-01 01:11:42'),
(22, 11, 25, 'أبن عم', '2021-02-01 01:15:42', '2021-02-01 01:15:42'),
(23, 11, 26, 'أخ', '2021-02-01 01:15:52', '2021-02-01 01:15:52'),
(24, 11, 27, 'أخ', '2021-02-01 01:16:00', '2021-02-01 01:16:00'),
(25, 12, 28, 'الاب', '2021-02-01 01:19:20', '2021-02-01 01:19:20'),
(26, 12, 29, 'أم', '2021-02-01 01:24:09', '2021-02-01 01:24:09'),
(27, 12, 30, 'أخ', '2021-02-01 01:24:25', '2021-02-01 01:24:25'),
(28, 12, 31, 'أخ', '2021-02-01 01:24:34', '2021-02-01 01:24:34'),
(29, 13, 32, 'الاب', '2021-02-01 01:29:30', '2021-02-01 01:29:30'),
(30, 13, 33, 'أم', '2021-02-01 01:31:44', '2021-02-01 01:31:44'),
(31, 13, 34, 'أخ', '2021-02-01 01:31:56', '2021-02-01 01:31:56'),
(32, 14, 35, 'الاب', '2021-02-01 01:40:24', '2021-02-01 01:40:24'),
(33, 14, 36, 'أخ', '2021-02-01 03:17:26', '2021-02-01 03:17:26'),
(34, 14, 37, 'أخ', '2021-02-01 03:17:36', '2021-02-01 03:17:36'),
(35, 14, 38, 'أخ', '2021-02-01 03:17:47', '2021-02-01 03:17:47'),
(36, 15, 39, 'الاب', '2021-02-01 03:22:04', '2021-02-01 03:22:04'),
(37, 15, 40, 'أخ', '2021-02-01 03:27:26', '2021-02-01 03:27:26'),
(38, 15, 41, 'أخ', '2021-02-01 03:27:36', '2021-02-01 03:27:36'),
(39, 16, 42, 'أخ', '2021-02-01 03:30:27', '2021-02-01 03:39:59'),
(40, 16, 46, 'أخ', '2021-02-01 03:39:59', '2021-02-01 03:39:59'),
(41, 16, 45, 'أخ', '2021-02-01 03:39:59', '2021-02-01 03:39:59'),
(42, 16, 44, 'أخ', '2021-02-01 03:39:59', '2021-02-01 03:39:59'),
(43, 16, 43, 'أخ', '2021-02-01 03:39:59', '2021-02-01 03:39:59'),
(44, 17, 47, 'الاب', '2021-02-01 03:42:15', '2021-02-01 03:42:15'),
(45, 17, 48, 'أبن عم', '2021-02-01 03:52:16', '2021-02-01 03:52:16'),
(46, 17, 49, 'خال', '2021-02-01 03:52:31', '2021-02-01 03:52:31'),
(47, 17, 50, 'أخ', '2021-02-01 03:52:50', '2021-02-01 03:52:50'),
(48, 17, 51, 'أخ', '2021-02-01 03:53:22', '2021-02-01 03:53:22'),
(49, 17, 52, 'أخ', '2021-02-01 03:53:36', '2021-02-01 03:53:36'),
(50, 17, 53, 'زوج |أخت', '2021-02-01 03:53:52', '2021-02-01 03:53:52'),
(51, 18, 54, 'الاب', '2021-02-01 04:03:38', '2021-02-01 04:03:38'),
(52, 19, 55, 'الاب', '2021-02-01 04:09:44', '2021-02-01 04:09:44'),
(53, 19, 56, 'أم', '2021-02-01 04:13:23', '2021-02-01 04:13:23'),
(54, 19, 57, 'أخ', '2021-02-01 04:13:41', '2021-02-01 04:13:41'),
(55, 19, 58, 'أخ', '2021-02-01 04:13:50', '2021-02-01 04:13:50'),
(56, 20, 59, 'الاب', '2021-02-01 04:15:41', '2021-02-01 04:15:41'),
(57, 20, 60, 'أبن عم', '2021-02-01 04:17:20', '2021-02-01 04:17:20'),
(58, 21, 61, 'الاب', '2021-02-01 04:19:47', '2021-02-01 04:19:47'),
(59, 22, 62, 'الاب', '2021-02-01 04:22:47', '2021-02-01 04:22:47'),
(60, 22, 63, 'أخت', '2021-02-01 05:10:14', '2021-02-01 05:10:14'),
(61, 22, 64, 'أخت', '2021-02-01 05:10:28', '2021-02-01 05:10:28'),
(62, 22, 65, 'أخت', '2021-02-01 05:10:38', '2021-02-01 05:10:38'),
(63, 22, 66, 'أبن اخت', '2021-02-01 05:10:55', '2021-02-01 05:10:55'),
(64, 23, 67, 'الاب', '2021-02-02 01:03:56', '2021-02-02 01:03:56'),
(65, 23, 68, 'زوج أخت', '2021-02-02 01:06:23', '2021-02-02 01:06:23'),
(66, 23, 69, 'ابن خالتة', '2021-02-02 01:06:40', '2021-02-02 01:06:40'),
(67, 24, 70, 'الاب', '2021-02-02 01:10:18', '2021-02-02 01:10:18'),
(68, 25, 71, 'الاب', '2021-02-02 01:14:38', '2021-02-02 01:14:38'),
(69, 26, 72, 'الاب', '2021-02-02 03:38:02', '2021-02-02 03:38:02'),
(70, 27, 73, 'الاب', '2021-02-02 03:40:44', '2021-02-02 03:40:44'),
(71, 27, 74, 'أخ', '2021-02-02 03:43:05', '2021-02-02 03:43:05'),
(72, 27, 75, 'أخ', '2021-02-02 03:43:12', '2021-02-02 03:43:12'),
(73, 28, 76, 'الاب', '2021-02-02 03:58:25', '2021-02-02 03:58:25'),
(74, 28, 80, 'أخ', '2021-02-02 04:03:02', '2021-02-02 04:03:02'),
(75, 28, 79, 'أخ', '2021-02-02 04:03:02', '2021-02-02 04:03:02'),
(76, 28, 78, 'أخ', '2021-02-02 04:03:02', '2021-02-02 04:03:02'),
(77, 28, 77, 'أخ', '2021-02-02 04:03:02', '2021-02-02 04:03:02'),
(78, 29, 81, 'الاب', '2021-02-02 04:06:06', '2021-02-02 04:06:06'),
(79, 29, 83, 'أخ', '2021-02-02 04:08:55', '2021-02-02 04:08:55'),
(80, 29, 82, 'أخ', '2021-02-02 04:08:55', '2021-02-02 04:08:55'),
(81, 30, 84, 'الاب', '2021-02-02 04:12:17', '2021-02-02 04:12:17'),
(82, 30, 85, 'أبن خالتة', '2021-02-02 04:14:54', '2021-02-02 04:14:54'),
(83, 30, 86, 'أخ', '2021-02-02 04:15:06', '2021-02-02 04:15:06'),
(84, 31, 87, 'الاب', '2021-02-02 04:18:04', '2021-02-02 04:18:04'),
(85, 31, 88, 'زوج أخت', '2021-02-02 04:20:38', '2021-02-02 04:20:38'),
(86, 32, 89, 'الاب', '2021-02-02 04:25:07', '2021-02-02 04:25:07'),
(87, 32, 91, 'أخ', '2021-02-02 04:27:40', '2021-02-02 04:27:40'),
(88, 32, 90, 'أخ', '2021-02-02 04:27:40', '2021-02-02 04:27:40'),
(89, 33, 92, 'الاب', '2021-02-02 04:30:16', '2021-02-02 04:30:16'),
(90, 33, 93, 'أخ', '2021-02-02 04:32:12', '2021-02-02 04:32:12'),
(91, 34, 94, 'الاب', '2021-02-02 04:42:15', '2021-02-02 04:42:15'),
(92, 34, 96, 'قريبة', '2021-02-02 04:44:20', '2021-02-02 04:44:20'),
(93, 34, 95, 'أخ', '2021-02-02 04:44:21', '2021-02-02 04:44:21'),
(94, 35, 97, 'الاب', '2021-02-02 04:47:22', '2021-02-02 04:47:22'),
(95, 35, 98, 'أخ', '2021-02-02 04:49:01', '2021-02-02 04:49:01'),
(96, 36, 99, 'الاب', '2021-02-02 05:15:54', '2021-02-02 05:15:54'),
(97, 36, 100, 'أخ', '2021-02-02 05:17:16', '2021-02-02 05:17:16'),
(98, 37, 101, 'الاب', '2021-02-02 05:20:45', '2021-02-02 05:20:45'),
(99, 37, 102, 'أخ', '2021-02-02 05:24:16', '2021-02-02 05:24:16'),
(100, 38, 103, 'الاب', '2021-02-02 05:30:02', '2021-02-02 05:30:02'),
(101, 38, 105, 'أخ لأم', '2021-02-02 05:33:15', '2021-02-02 05:33:15'),
(102, 38, 104, 'أخ لأم', '2021-02-02 05:33:15', '2021-02-02 05:33:15'),
(103, 39, 106, 'الاب', '2021-02-02 05:36:32', '2021-02-02 05:36:32'),
(104, 39, 116, 'خال', '2021-02-02 05:52:38', '2021-02-02 05:52:38'),
(105, 39, 115, 'أخ', '2021-02-02 05:52:38', '2021-02-02 05:52:38'),
(106, 39, 114, 'خال', '2021-02-02 05:52:38', '2021-02-02 05:52:38'),
(107, 39, 113, 'أخت', '2021-02-02 05:52:38', '2021-02-02 05:52:38'),
(108, 39, 112, 'أخ', '2021-02-02 05:52:38', '2021-02-02 05:52:38'),
(109, 39, 111, 'أخت', '2021-02-02 05:52:38', '2021-02-02 05:52:38'),
(110, 39, 110, 'أخت', '2021-02-02 05:52:38', '2021-02-02 05:52:38'),
(111, 39, 109, 'زوج أخت', '2021-02-02 05:52:38', '2021-02-02 05:52:38'),
(112, 39, 108, 'أبن أخت', '2021-02-02 05:52:38', '2021-02-02 05:52:38'),
(113, 39, 107, 'أخت', '2021-02-02 05:52:38', '2021-02-02 05:52:38'),
(114, 40, 117, 'الاب', '2021-02-02 06:15:13', '2021-02-02 06:15:13'),
(115, 40, 119, 'أخ لأم', '2021-02-02 06:18:33', '2021-02-02 06:18:33'),
(116, 40, 118, 'أخ لأم', '2021-02-02 06:18:33', '2021-02-02 06:18:33'),
(117, 41, 120, 'الاب', '2021-02-02 06:22:22', '2021-02-02 06:22:22'),
(118, 41, 121, 'أخ', '2021-02-02 06:23:40', '2021-02-02 06:23:40'),
(119, 42, 122, 'الاب', '2021-02-02 06:26:17', '2021-02-02 06:26:17'),
(120, 42, 123, 'أخ', '2021-02-02 06:28:23', '2021-02-02 06:28:23'),
(121, 43, 124, 'الاب', '2021-02-02 06:31:38', '2021-02-02 06:31:38'),
(122, 43, 125, 'أخ', '2021-02-02 06:33:09', '2021-02-02 06:33:09'),
(123, 44, 126, 'الاب', '2021-02-02 07:07:17', '2021-02-02 07:07:17'),
(124, 44, 130, 'أخ', '2021-02-02 07:12:45', '2021-02-02 07:12:45'),
(125, 44, 129, 'أخ', '2021-02-02 07:12:45', '2021-02-02 07:12:45'),
(126, 44, 128, 'أخ', '2021-02-02 07:12:45', '2021-02-02 07:12:45'),
(127, 44, 127, 'أخ', '2021-02-02 07:12:45', '2021-02-02 07:12:45'),
(128, 45, 131, 'الاب', '2021-02-02 07:16:36', '2021-02-02 07:16:36'),
(129, 45, 134, 'أخ', '2021-02-02 07:20:15', '2021-02-02 07:20:15'),
(130, 45, 133, 'أخ', '2021-02-02 07:20:15', '2021-02-02 07:20:15'),
(131, 45, 132, 'أخ', '2021-02-02 07:20:15', '2021-02-02 07:20:15'),
(132, 46, 135, 'الاب', '2021-02-02 08:06:07', '2021-02-02 08:06:07'),
(133, 46, 136, 'أخ', '2021-02-02 08:07:36', '2021-02-02 08:07:36'),
(134, 47, 137, 'الاب', '2021-02-02 08:09:49', '2021-02-02 08:09:49'),
(135, 47, 138, 'أخ', '2021-02-02 08:11:23', '2021-02-02 08:11:23'),
(136, 48, 139, 'الاب', '2021-02-03 01:15:49', '2021-02-03 01:15:49'),
(137, 48, 140, 'زوج أخت', '2021-02-03 01:17:53', '2021-02-03 01:17:53'),
(138, 49, 141, 'الاب', '2021-02-03 01:20:16', '2021-02-03 01:20:16'),
(139, 49, 143, 'أخ', '2021-02-03 01:22:36', '2021-02-03 01:22:36'),
(140, 49, 142, 'خال', '2021-02-03 01:22:36', '2021-02-03 01:22:36'),
(141, 50, 144, 'الاب', '2021-02-03 01:24:43', '2021-02-03 01:24:43'),
(142, 50, 147, 'أخ', '2021-02-03 01:28:12', '2021-02-03 01:28:12'),
(143, 50, 146, 'عم', '2021-02-03 01:28:12', '2021-02-03 01:28:12'),
(144, 50, 145, 'أخ', '2021-02-03 01:28:12', '2021-02-03 01:28:12'),
(145, 51, 148, 'الاب', '2021-02-03 01:30:40', '2021-02-03 01:30:40'),
(146, 51, 150, 'أخ', '2021-02-03 01:34:20', '2021-02-03 01:34:20'),
(147, 51, 149, 'أبن أخ', '2021-02-03 01:34:20', '2021-02-03 01:34:20'),
(148, 52, 151, 'الاب', '2021-02-03 01:36:33', '2021-02-03 01:36:33'),
(149, 52, 154, 'أخ', '2021-02-03 01:40:12', '2021-02-03 01:40:12'),
(150, 52, 153, 'أخ', '2021-02-03 01:40:12', '2021-02-03 01:40:12'),
(151, 52, 152, 'أخ', '2021-02-03 01:40:12', '2021-02-03 01:40:12'),
(152, 53, 155, 'الاب', '2021-02-03 01:43:03', '2021-02-03 01:43:03'),
(153, 53, 159, 'أخت', '2021-02-03 01:46:46', '2021-02-03 01:46:46'),
(154, 53, 158, 'أخت', '2021-02-03 01:46:46', '2021-02-03 01:46:46'),
(155, 53, 157, 'أخت', '2021-02-03 01:46:46', '2021-02-03 01:46:46'),
(156, 53, 156, 'أم', '2021-02-03 01:46:46', '2021-02-03 01:46:46'),
(157, 54, 160, 'الاب', '2021-02-03 01:48:45', '2021-02-03 01:48:45'),
(158, 54, 162, 'أخ', '2021-02-03 01:53:29', '2021-02-03 01:53:29'),
(159, 54, 161, 'أخ', '2021-02-03 01:53:29', '2021-02-03 01:53:29'),
(160, 55, 163, 'الاب', '2021-02-03 02:00:29', '2021-02-03 02:00:29'),
(161, 55, 168, 'خال', '2021-02-03 02:05:30', '2021-02-03 02:05:30'),
(162, 55, 167, 'أبن خال', '2021-02-03 02:05:30', '2021-02-03 02:05:30'),
(163, 55, 166, 'أبن خال', '2021-02-03 02:05:31', '2021-02-03 02:05:31'),
(164, 55, 165, 'زوج ابنه عمه', '2021-02-03 02:05:31', '2021-02-03 02:05:31'),
(165, 55, 164, 'أبن خال', '2021-02-03 02:05:31', '2021-02-03 02:05:31'),
(166, 56, 169, 'الاب', '2021-02-03 02:09:20', '2021-02-03 02:09:20'),
(167, 56, 171, 'أخ', '2021-02-03 02:11:15', '2021-02-03 02:11:15'),
(168, 56, 170, 'أخ', '2021-02-03 02:11:15', '2021-02-03 02:11:15'),
(169, 57, 172, 'الاب', '2021-02-03 03:02:33', '2021-02-03 03:02:33'),
(170, 57, 173, 'أخ', '2021-02-03 03:03:57', '2021-02-03 03:03:57'),
(171, 58, 174, 'الاب', '2021-02-03 03:06:06', '2021-02-03 03:06:06'),
(172, 58, 175, 'زوج أم', '2021-02-03 03:08:04', '2021-02-03 03:08:04'),
(173, 59, 176, 'الاب', '2021-02-03 03:11:05', '2021-02-03 03:11:05'),
(174, 59, 181, 'خال', '2021-02-03 03:25:30', '2021-02-03 03:25:30'),
(175, 59, 180, 'أخ', '2021-02-03 03:25:30', '2021-02-03 03:25:30'),
(176, 59, 179, 'أخ', '2021-02-03 03:25:30', '2021-02-03 03:25:30'),
(177, 59, 178, 'أخ', '2021-02-03 03:25:30', '2021-02-03 03:25:30'),
(178, 59, 177, 'أخ', '2021-02-03 03:25:30', '2021-02-03 03:25:30'),
(179, 60, 182, 'الاب', '2021-02-03 03:29:44', '2021-02-03 03:29:44'),
(180, 60, 187, 'خال', '2021-02-03 03:35:10', '2021-02-03 03:35:10'),
(181, 60, 186, 'أخ', '2021-02-03 03:35:10', '2021-02-03 03:35:10'),
(182, 60, 185, 'أخ', '2021-02-03 03:35:10', '2021-02-03 03:35:10'),
(183, 60, 184, 'أخ', '2021-02-03 03:35:10', '2021-02-03 03:35:10'),
(184, 60, 183, 'أخ', '2021-02-03 03:35:10', '2021-02-03 03:35:10'),
(185, 61, 188, 'الاب', '2021-02-03 03:37:49', '2021-02-03 03:37:49'),
(186, 61, 190, 'أخ لأم', '2021-02-03 03:39:40', '2021-02-03 03:39:40'),
(187, 61, 189, 'أم', '2021-02-03 03:39:40', '2021-02-03 03:39:40'),
(188, 62, 191, 'الاب', '2021-02-03 03:43:10', '2021-02-03 03:43:10'),
(189, 62, 192, 'أخ', '2021-02-03 03:44:46', '2021-02-03 03:44:46'),
(190, 63, 193, 'الاب', '2021-02-03 04:06:41', '2021-02-03 04:06:41'),
(191, 63, 194, 'أخت', '2021-02-03 04:08:03', '2021-02-03 04:08:03'),
(192, 64, 195, 'الاب', '2021-02-03 04:11:05', '2021-02-03 04:11:05'),
(193, 65, 196, 'الاب', '2021-02-03 04:13:17', '2021-02-03 04:13:17'),
(194, 65, 197, 'أخ', '2021-02-03 04:14:44', '2021-02-03 04:14:44'),
(195, 66, 198, 'الاب', '2021-02-03 04:17:04', '2021-02-03 04:17:04'),
(196, 67, 199, 'الاب', '2021-02-03 04:19:27', '2021-02-03 04:19:27'),
(197, 68, 200, 'الاب', '2021-02-03 04:21:13', '2021-02-03 04:21:13'),
(198, 68, 202, 'أخ', '2021-02-03 04:23:36', '2021-02-03 04:23:36'),
(199, 68, 201, 'أخ', '2021-02-03 04:23:36', '2021-02-03 04:23:36'),
(200, 69, 203, 'الاب', '2021-02-03 04:25:34', '2021-02-03 04:25:34'),
(201, 69, 206, 'أخ', '2021-02-03 04:29:43', '2021-02-03 04:29:43'),
(202, 69, 205, 'أم', '2021-02-03 04:29:43', '2021-02-03 04:29:43'),
(203, 69, 204, 'أخت', '2021-02-03 04:29:43', '2021-02-03 04:29:43'),
(204, 70, 207, 'الاب', '2021-02-03 04:31:26', '2021-02-03 04:31:26'),
(205, 70, 209, 'أخ لأم', '2021-02-03 05:14:01', '2021-02-03 05:14:01'),
(206, 70, 208, 'أخ لأم', '2021-02-03 05:14:01', '2021-02-03 05:14:01'),
(207, 71, 210, 'الاب', '2021-02-03 05:15:50', '2021-02-03 05:15:50'),
(208, 71, 217, 'أبن خال', '2021-02-03 05:31:35', '2021-02-03 05:31:35'),
(209, 71, 216, 'أبن خال', '2021-02-03 05:31:35', '2021-02-03 05:31:35'),
(210, 71, 215, 'خال', '2021-02-03 05:31:35', '2021-02-03 05:31:35'),
(211, 71, 214, 'أبن أخ', '2021-02-03 05:31:35', '2021-02-03 05:31:35'),
(212, 71, 213, 'خال', '2021-02-03 05:31:35', '2021-02-03 05:31:35'),
(213, 71, 212, 'أبنة أخ', '2021-02-03 05:31:35', '2021-02-03 05:31:35'),
(214, 71, 211, 'خال', '2021-02-03 05:31:35', '2021-02-03 05:31:35'),
(215, 72, 218, 'الاب', '2021-02-03 05:34:20', '2021-02-03 05:34:20'),
(216, 72, 219, 'نسيبه', '2021-02-03 05:35:34', '2021-02-03 05:35:34'),
(217, 73, 220, 'الاب', '2021-02-03 05:37:44', '2021-02-03 05:37:44'),
(218, 73, 87, 'أخ', '2021-02-03 05:47:01', '2021-02-03 05:47:01'),
(219, 74, 221, 'الاب', '2021-02-03 05:51:15', '2021-02-03 05:51:15'),
(220, 74, 227, 'خال', '2021-02-03 05:56:10', '2021-02-03 05:56:10'),
(221, 74, 226, 'خال', '2021-02-03 05:56:10', '2021-02-03 05:56:10'),
(222, 74, 225, 'أبن أخ', '2021-02-03 05:56:10', '2021-02-03 05:56:10'),
(223, 74, 224, 'أبن أخ', '2021-02-03 05:56:10', '2021-02-03 05:56:10'),
(224, 74, 223, 'خال', '2021-02-03 05:56:10', '2021-02-03 05:56:10'),
(225, 74, 222, 'أخ', '2021-02-03 05:56:10', '2021-02-03 05:56:10'),
(226, 75, 228, 'الاب', '2021-02-03 05:58:49', '2021-02-03 05:58:49'),
(227, 76, 229, 'الاب', '2021-02-03 06:02:18', '2021-02-03 06:02:18'),
(228, 77, 230, 'الاب', '2021-02-03 06:04:49', '2021-02-03 06:04:49'),
(229, 77, 231, 'أخ', '2021-02-03 06:06:15', '2021-02-03 06:06:15'),
(230, 78, 232, 'الاب', '2021-02-03 06:13:26', '2021-02-03 06:13:26'),
(231, 78, 233, 'أخ', '2021-02-03 06:16:10', '2021-02-03 06:16:10'),
(232, 79, 234, 'الاب', '2021-02-03 06:18:24', '2021-02-03 06:18:24'),
(233, 79, 237, 'أخ', '2021-02-03 06:21:35', '2021-02-03 06:21:35'),
(234, 79, 236, 'أخ', '2021-02-03 06:21:35', '2021-02-03 06:21:35'),
(235, 79, 235, 'أخ', '2021-02-03 06:21:35', '2021-02-03 06:21:35'),
(236, 80, 238, 'الاب', '2021-02-03 06:23:56', '2021-02-03 06:23:56'),
(237, 80, 241, 'أخ', '2021-02-03 06:27:59', '2021-02-03 06:27:59'),
(238, 80, 240, 'أخت', '2021-02-03 06:27:59', '2021-02-03 06:27:59'),
(239, 80, 239, 'أخ', '2021-02-03 06:27:59', '2021-02-03 06:27:59'),
(240, 81, 242, 'الاب', '2021-02-03 06:44:09', '2021-02-03 06:44:09'),
(241, 81, 244, 'أخ', '2021-02-03 06:47:06', '2021-02-03 06:47:06'),
(242, 81, 243, 'أخ', '2021-02-03 06:47:06', '2021-02-03 06:47:06'),
(243, 82, 245, 'الاب', '2021-02-04 02:59:39', '2021-02-04 02:59:39'),
(244, 82, 248, 'أخ', '2021-02-04 03:02:12', '2021-02-04 03:02:12'),
(245, 82, 247, 'أخ', '2021-02-04 03:02:12', '2021-02-04 03:02:12'),
(246, 82, 246, 'أخ', '2021-02-04 03:02:12', '2021-02-04 03:02:12'),
(247, 83, 249, 'الاب', '2021-02-04 03:04:34', '2021-02-04 03:04:34'),
(248, 83, 250, 'أبن أخت', '2021-02-04 03:05:55', '2021-02-04 03:05:55'),
(249, 84, 251, 'الاب', '2021-02-04 03:07:38', '2021-02-04 03:07:38'),
(250, 84, 253, 'أخ', '2021-02-04 03:09:22', '2021-02-04 03:09:22'),
(251, 84, 252, 'أخ', '2021-02-04 03:09:22', '2021-02-04 03:09:22'),
(252, 85, 254, 'الاب', '2021-02-04 03:12:04', '2021-02-04 03:12:04'),
(253, 85, 256, 'أخ', '2021-02-04 03:15:23', '2021-02-04 03:15:23'),
(254, 85, 255, 'أخ', '2021-02-04 03:15:23', '2021-02-04 03:15:23'),
(255, 86, 257, 'الاب', '2021-02-04 03:18:11', '2021-02-04 03:18:11'),
(256, 86, 261, 'أخ', '2021-02-04 03:24:29', '2021-02-04 03:24:29'),
(257, 86, 260, 'أخ', '2021-02-04 03:24:29', '2021-02-04 03:24:29'),
(258, 86, 259, 'أخ', '2021-02-04 03:24:29', '2021-02-04 03:24:29'),
(259, 86, 258, 'أخ', '2021-02-04 03:24:29', '2021-02-04 03:24:29'),
(260, 87, 262, 'الاب', '2021-02-04 03:26:41', '2021-02-04 03:26:41'),
(261, 87, 263, 'أخ', '2021-02-04 03:28:18', '2021-02-04 03:28:18'),
(262, 88, 264, 'الاب', '2021-02-04 03:30:23', '2021-02-04 03:30:23'),
(263, 88, 268, 'أبن عم', '2021-02-04 04:03:13', '2021-02-04 04:03:13'),
(264, 88, 267, 'عم', '2021-02-04 04:03:13', '2021-02-04 04:03:13'),
(265, 88, 266, 'أخ', '2021-02-04 04:03:13', '2021-02-04 04:03:13'),
(266, 88, 265, 'أبن عم', '2021-02-04 04:03:13', '2021-02-04 04:03:13'),
(267, 89, 269, 'الاب', '2021-02-04 04:05:16', '2021-02-04 04:05:16'),
(268, 89, 270, 'أخ', '2021-02-04 04:06:19', '2021-02-04 04:06:19'),
(269, 90, 271, 'الاب', '2021-02-04 04:45:26', '2021-02-04 04:45:26'),
(270, 90, 272, 'أخ', '2021-02-07 00:42:27', '2021-02-07 00:42:27'),
(271, 91, 273, 'الاب', '2021-02-07 00:44:20', '2021-02-07 00:44:20'),
(272, 91, 274, 'أخت', '2021-02-07 00:45:51', '2021-02-07 00:45:51'),
(273, 92, 275, 'الاب', '2021-02-07 00:47:43', '2021-02-07 00:47:43'),
(274, 92, 278, 'أبن أخ', '2021-02-07 00:50:45', '2021-02-07 00:50:45'),
(275, 92, 277, 'أخ', '2021-02-07 00:50:45', '2021-02-07 00:50:45'),
(276, 92, 276, 'أخ', '2021-02-07 00:50:45', '2021-02-07 00:50:45'),
(277, 93, 279, 'الاب', '2021-02-07 00:54:43', '2021-02-07 00:54:43'),
(278, 93, 281, 'أخ', '2021-02-07 00:57:23', '2021-02-07 00:57:23'),
(279, 93, 280, 'أخ', '2021-02-07 00:57:23', '2021-02-07 00:57:23'),
(280, 94, 282, 'الاب', '2021-02-07 00:59:31', '2021-02-07 00:59:31'),
(281, 94, 284, 'زوج أخت', '2021-02-07 01:02:55', '2021-02-07 01:02:55'),
(282, 94, 283, 'أخ', '2021-02-07 01:02:55', '2021-02-07 01:02:55'),
(283, 95, 285, 'الاب', '2021-02-07 01:04:38', '2021-02-07 01:04:38'),
(284, 95, 287, 'أبن أخت', '2021-02-07 01:07:44', '2021-02-07 01:07:44'),
(285, 95, 286, 'أخ', '2021-02-07 01:07:44', '2021-02-07 01:07:44'),
(286, 96, 288, 'الاب', '2021-02-07 01:09:22', '2021-02-07 01:09:22'),
(287, 96, 290, 'أخ', '2021-02-07 01:12:01', '2021-02-07 01:12:01'),
(288, 96, 289, 'أخ', '2021-02-07 01:12:01', '2021-02-07 01:12:01'),
(289, 97, 291, 'الاب', '2021-02-07 01:13:36', '2021-02-07 01:13:36'),
(290, 97, 293, 'أخ', '2021-02-07 01:15:51', '2021-02-07 01:15:51'),
(291, 97, 292, 'أخت', '2021-02-07 01:15:51', '2021-02-07 01:15:51'),
(292, 98, 294, 'الاب', '2021-02-07 01:18:30', '2021-02-07 01:18:30'),
(293, 99, 295, 'الاب', '2021-02-07 01:33:56', '2021-02-07 01:33:56'),
(294, 100, 296, 'الاب', '2021-02-07 01:36:55', '2021-02-07 01:36:55'),
(295, 100, 298, 'أخ', '2021-02-07 01:39:46', '2021-02-07 01:39:46'),
(296, 100, 297, 'أخ', '2021-02-07 01:39:46', '2021-02-07 01:39:46'),
(297, 101, 299, 'الاب', '2021-02-07 01:41:18', '2021-02-07 01:41:18'),
(298, 101, 302, 'أخ', '2021-02-07 01:44:57', '2021-02-07 01:44:57'),
(299, 101, 301, 'أخ', '2021-02-07 01:44:57', '2021-02-07 01:44:57'),
(300, 101, 300, 'زوج أخت', '2021-02-07 01:44:57', '2021-02-07 01:44:57'),
(301, 102, 303, 'الاب', '2021-02-07 01:48:32', '2021-02-07 01:48:32'),
(302, 102, 304, 'زوج أم', '2021-02-07 01:50:03', '2021-02-07 01:50:03'),
(303, 103, 305, 'الاب', '2021-02-07 01:58:42', '2021-02-07 01:58:42'),
(304, 103, 307, 'أخ', '2021-02-07 02:11:59', '2021-02-07 02:11:59'),
(305, 103, 306, 'أخ', '2021-02-07 02:11:59', '2021-02-07 02:11:59'),
(306, 104, 308, 'الاب', '2021-02-07 02:14:36', '2021-02-07 02:14:36'),
(307, 104, 309, 'أخ', '2021-02-07 02:18:46', '2021-02-07 02:18:46'),
(308, 105, 310, 'الاب', '2021-02-07 02:20:49', '2021-02-07 02:20:49'),
(309, 106, 311, 'الاب', '2021-02-07 02:24:09', '2021-02-07 02:24:09'),
(310, 106, 314, 'أخ', '2021-02-07 02:27:07', '2021-02-07 02:27:07'),
(311, 106, 313, 'أخ', '2021-02-07 02:27:07', '2021-02-07 02:27:07'),
(312, 106, 312, 'أخ', '2021-02-07 02:27:07', '2021-02-07 02:27:07'),
(313, 107, 315, 'الاب', '2021-02-07 02:43:17', '2021-02-07 02:43:17'),
(314, 107, 316, 'أخ', '2021-02-07 02:44:30', '2021-02-07 02:44:30'),
(315, 108, 317, 'الاب', '2021-02-07 02:46:26', '2021-02-07 02:46:26'),
(316, 108, 320, 'أخ', '2021-02-07 03:06:11', '2021-02-07 03:06:11'),
(317, 108, 319, 'أخ', '2021-02-07 03:06:11', '2021-02-07 03:06:11'),
(318, 108, 318, 'أخ غير شقيق', '2021-02-07 03:06:11', '2021-02-07 03:06:11'),
(319, 109, 321, 'الاب', '2021-02-07 03:07:28', '2021-02-07 03:07:28'),
(320, 109, 323, 'أخ', '2021-02-07 03:09:23', '2021-02-07 03:09:23'),
(321, 109, 322, 'أخت', '2021-02-07 03:09:23', '2021-02-07 03:09:23'),
(322, 110, 324, 'الاب', '2021-02-07 03:13:20', '2021-02-07 03:13:20'),
(323, 110, 328, 'أبن أخ', '2021-02-07 06:52:33', '2021-02-07 06:52:33'),
(324, 110, 327, 'خال', '2021-02-07 06:52:33', '2021-02-07 06:52:33'),
(325, 110, 326, 'أبن أخ', '2021-02-07 06:52:33', '2021-02-07 06:52:33'),
(326, 110, 325, 'عم', '2021-02-07 06:52:33', '2021-02-07 06:52:33'),
(327, 111, 329, 'الاب', '2021-02-07 06:55:56', '2021-02-07 06:55:56'),
(328, 111, 331, 'أخ', '2021-02-07 06:58:40', '2021-02-07 06:58:40'),
(329, 111, 330, 'أخت', '2021-02-07 06:58:40', '2021-02-07 06:58:40'),
(330, 112, 332, 'الاب', '2021-02-07 07:01:21', '2021-02-07 07:01:21'),
(331, 112, 339, 'أبن أخت', '2021-02-07 07:10:39', '2021-02-07 07:10:39'),
(332, 112, 338, 'خال', '2021-02-07 07:10:39', '2021-02-07 07:10:39'),
(333, 112, 337, 'أبن عم', '2021-02-07 07:10:39', '2021-02-07 07:10:39'),
(334, 112, 336, 'أخ', '2021-02-07 07:10:39', '2021-02-07 07:10:39'),
(335, 112, 335, 'أخ', '2021-02-07 07:10:39', '2021-02-07 07:10:39'),
(336, 112, 334, 'أبن أخت', '2021-02-07 07:10:39', '2021-02-07 07:10:39'),
(337, 112, 333, 'عم', '2021-02-07 07:10:39', '2021-02-07 07:10:39'),
(338, 113, 340, 'الاب', '2021-02-07 07:13:03', '2021-02-07 07:13:03'),
(339, 114, 341, 'الاب', '2021-02-07 07:16:02', '2021-02-07 07:16:02'),
(340, 115, 342, 'الاب', '2021-02-07 07:18:06', '2021-02-07 07:18:06'),
(341, 115, 344, 'أخ', '2021-02-07 07:21:08', '2021-02-07 07:21:08'),
(342, 115, 343, 'أخ', '2021-02-07 07:21:08', '2021-02-07 07:21:08'),
(343, 116, 345, 'الاب', '2021-02-07 07:23:51', '2021-02-07 07:23:51'),
(344, 116, 350, 'أبن أخ', '2021-02-07 07:28:57', '2021-02-07 07:28:57'),
(345, 116, 349, 'أخ', '2021-02-07 07:28:57', '2021-02-07 07:28:57'),
(346, 116, 348, 'أخ', '2021-02-07 07:28:57', '2021-02-07 07:28:57'),
(347, 116, 347, 'أخ', '2021-02-07 07:28:58', '2021-02-07 07:28:58'),
(348, 116, 346, 'أخ', '2021-02-07 07:28:58', '2021-02-07 07:28:58'),
(349, 117, 351, 'الاب', '2021-02-07 07:30:56', '2021-02-07 07:30:56'),
(350, 117, 353, 'أخ', '2021-02-07 07:33:19', '2021-02-07 07:33:19'),
(351, 117, 352, 'أخ', '2021-02-07 07:33:19', '2021-02-07 07:33:19'),
(352, 118, 354, 'الاب', '2021-02-07 07:35:13', '2021-02-07 07:35:13'),
(353, 119, 355, 'الاب', '2021-02-07 07:38:05', '2021-02-07 07:38:05'),
(354, 119, 356, 'أخ', '2021-02-07 07:40:05', '2021-02-07 07:40:05'),
(355, 120, 357, 'الاب', '2021-02-07 07:42:59', '2021-02-07 07:42:59'),
(356, 120, 360, 'أخ', '2021-02-07 07:46:13', '2021-02-07 07:46:13'),
(357, 120, 359, 'أخ', '2021-02-07 07:46:13', '2021-02-07 07:46:13'),
(358, 120, 358, 'أخت', '2021-02-07 07:46:13', '2021-02-07 07:46:13'),
(359, 121, 361, 'الاب', '2021-02-09 02:59:46', '2021-02-09 02:59:46'),
(360, 123, 362, 'الاب', '2021-02-09 03:34:47', '2021-02-09 03:34:47'),
(361, 121, 363, 'أخ', '2021-02-09 03:37:21', '2021-02-09 03:37:21'),
(362, 123, 369, 'أخت لأم', '2021-02-09 03:43:33', '2021-02-09 03:43:33'),
(363, 123, 368, 'أخ لأم', '2021-02-09 03:43:33', '2021-02-09 03:43:33'),
(364, 123, 367, 'أبنة عم', '2021-02-09 03:43:33', '2021-02-09 03:43:33'),
(365, 123, 366, 'أبنة عم', '2021-02-09 03:43:33', '2021-02-09 03:43:33'),
(366, 123, 365, 'أم', '2021-02-09 03:43:33', '2021-02-09 03:43:33'),
(367, 123, 364, 'خال', '2021-02-09 03:43:33', '2021-02-09 03:43:33'),
(368, 122, 372, 'أخ', '2021-02-09 03:49:12', '2021-02-09 03:49:12'),
(369, 122, 371, 'أخ', '2021-02-09 03:49:12', '2021-02-09 03:49:12'),
(370, 122, 370, 'أخ', '2021-02-09 03:49:12', '2021-02-09 03:49:12'),
(371, 124, 373, 'الاب', '2021-02-09 03:52:17', '2021-02-09 03:52:17'),
(372, 124, 376, 'أبن أخت', '2021-02-09 04:00:22', '2021-02-09 04:00:22'),
(373, 124, 375, 'خال', '2021-02-09 04:00:22', '2021-02-09 04:00:22'),
(374, 124, 374, 'أم', '2021-02-09 04:00:22', '2021-02-09 04:00:22'),
(375, 125, 379, 'خالة', '2021-02-09 04:05:30', '2021-02-09 04:05:30'),
(376, 125, 378, 'أبنة عم', '2021-02-09 04:05:30', '2021-02-09 04:05:30'),
(377, 125, 377, 'جدتها', '2021-02-09 04:05:30', '2021-02-09 04:05:30'),
(378, 126, 380, 'أم', '2021-02-09 04:11:14', '2021-02-09 04:11:14'),
(379, 127, 383, 'أخ', '2021-02-09 04:16:18', '2021-02-09 04:16:18'),
(380, 127, 382, 'خالة', '2021-02-09 04:16:18', '2021-02-09 04:16:18'),
(381, 127, 381, 'أخ', '2021-02-09 04:16:18', '2021-02-09 04:16:18'),
(382, 128, 385, 'أبن أخ', '2021-02-09 06:10:58', '2021-02-09 06:10:58'),
(383, 128, 384, 'أخ', '2021-02-09 06:10:58', '2021-02-09 06:10:58'),
(384, 130, 386, 'الاب', '2021-02-09 06:16:55', '2021-02-09 06:16:55'),
(385, 130, 388, 'أخت', '2021-02-09 06:19:58', '2021-02-09 06:19:58'),
(386, 130, 387, 'أم', '2021-02-09 06:19:58', '2021-02-09 06:19:58'),
(387, 131, 389, 'الاب', '2021-02-09 06:25:13', '2021-02-09 06:25:13'),
(388, 131, 390, 'أم', '2021-02-09 06:26:27', '2021-02-09 06:26:27'),
(389, 132, 394, 'بنت', '2021-02-09 06:53:33', '2021-02-09 06:53:33'),
(390, 132, 393, 'بنت', '2021-02-09 06:53:33', '2021-02-09 06:53:33'),
(391, 132, 392, 'بنت', '2021-02-09 06:53:33', '2021-02-09 06:53:33'),
(392, 132, 391, 'أبن', '2021-02-09 06:53:33', '2021-02-09 06:53:33'),
(393, 133, 395, 'الاب', '2021-02-09 06:56:01', '2021-02-09 06:56:01'),
(394, 133, 397, 'أخت', '2021-02-09 06:59:31', '2021-02-09 06:59:31'),
(395, 133, 396, 'أخ', '2021-02-09 06:59:31', '2021-02-09 06:59:31'),
(396, 134, 398, 'الاب', '2021-02-10 03:03:28', '2021-02-10 03:03:28'),
(397, 135, 399, 'الاب', '2021-02-10 03:08:45', '2021-02-10 03:08:45'),
(398, 135, 402, 'أخ', '2021-02-10 03:12:36', '2021-02-10 03:12:36'),
(399, 135, 401, 'أخ', '2021-02-10 03:12:36', '2021-02-10 03:12:36'),
(400, 135, 400, 'أخ', '2021-02-10 03:12:36', '2021-02-10 03:12:36'),
(401, 136, 403, 'الاب', '2021-02-10 03:19:02', '2021-02-10 03:19:02'),
(402, 136, 405, 'أخ', '2021-02-10 03:25:08', '2021-02-10 03:25:08'),
(403, 136, 404, 'أخ', '2021-02-10 03:25:08', '2021-02-10 03:25:08'),
(404, 137, 406, 'أخ', '2021-02-11 01:27:52', '2021-02-11 01:27:52'),
(405, 138, 410, 'أخ', '2021-02-11 01:34:16', '2021-02-11 01:34:16'),
(406, 138, 409, 'أخ', '2021-02-11 01:34:16', '2021-02-11 01:34:16'),
(407, 138, 408, 'أخ', '2021-02-11 01:34:16', '2021-02-11 01:34:16'),
(408, 138, 407, 'أخ', '2021-02-11 01:34:16', '2021-02-11 01:34:16'),
(409, 139, 415, 'أخ', '2021-02-11 01:45:29', '2021-02-11 01:45:29'),
(410, 139, 414, 'أخ', '2021-02-11 01:45:29', '2021-02-11 01:45:29'),
(411, 139, 413, 'أخ', '2021-02-11 01:45:29', '2021-02-11 01:45:29'),
(412, 139, 412, 'أخ', '2021-02-11 01:45:29', '2021-02-11 01:45:29'),
(413, 139, 411, 'أخ', '2021-02-11 01:45:29', '2021-02-11 01:45:29'),
(414, 140, 416, 'الاب', '2021-02-11 02:16:12', '2021-02-11 02:16:12'),
(415, 140, 417, 'أخ', '2021-02-11 02:18:08', '2021-02-11 02:18:08'),
(416, 141, 418, 'الاب', '2021-02-11 07:05:18', '2021-02-11 07:05:18'),
(417, 141, 421, 'أخ', '2021-02-11 07:07:49', '2021-02-11 07:07:49'),
(418, 141, 420, 'أخ', '2021-02-11 07:07:49', '2021-02-11 07:07:49'),
(419, 141, 419, '|أخ', '2021-02-11 07:07:49', '2021-02-11 07:07:49');

-- --------------------------------------------------------

--
-- Table structure for table `mokeem_person_visits`
--

CREATE TABLE `mokeem_person_visits` (
  `id` bigint(20) UNSIGNED NOT NULL,
  `person_id` bigint(20) UNSIGNED NOT NULL,
  `relative_id` bigint(20) UNSIGNED NOT NULL,
  `visit_type` varchar(255) COLLATE utf8mb4_unicode_ci NOT NULL,
  `visit_date_day` varchar(50) COLLATE utf8mb4_unicode_ci DEFAULT NULL,
  `visit_time` varchar(255) COLLATE utf8mb4_unicode_ci NOT NULL,
  `visit_period` varchar(255) COLLATE utf8mb4_unicode_ci DEFAULT NULL,
  `visit_num` varchar(255) COLLATE utf8mb4_unicode_ci NOT NULL,
  `visit_rakam` varchar(255) COLLATE utf8mb4_unicode_ci NOT NULL,
  `created_at` timestamp NULL DEFAULT NULL,
  `updated_at` timestamp NULL DEFAULT NULL,
  `visit_date_month` varchar(50) COLLATE utf8mb4_unicode_ci NOT NULL,
  `visit_date_year` varchar(50) COLLATE utf8mb4_unicode_ci NOT NULL,
  `visite_date_ge` datetime DEFAULT NULL
) ENGINE=InnoDB DEFAULT CHARSET=utf8mb4 COLLATE=utf8mb4_unicode_ci;

--
-- Dumping data for table `mokeem_person_visits`
--

INSERT INTO `mokeem_person_visits` (`id`, `person_id`, `relative_id`, `visit_type`, `visit_date_day`, `visit_time`, `visit_period`, `visit_num`, `visit_rakam`, `created_at`, `updated_at`, `visit_date_month`, `visit_date_year`, `visite_date_ge`) VALUES
(3, 1, 3, 'visit_out', '29', '10:10', NULL, '5', '666666', '2021-01-11 08:23:16', '2021-01-12 12:44:03', '05', '1442', NULL),
(4, 2, 3, 'visit_out', '28', '10:10', '30 دقيقة', '5', '923293472', '2021-01-12 12:39:37', '2021-01-12 12:39:37', '05', '1442', NULL),
(7, 8, 16, 'visit_in', '02', '09:00', NULL, '2', '9566', '2021-02-13 06:12:29', '2021-02-16 17:50:57', '02', '1441', '1441-02-02 00:00:00'),
(8, 7, 13, 'visit_in', '22', '09:44', NULL, '3', '6952', '2021-02-13 06:16:06', '2021-02-16 17:50:50', '05', '1441', '1441-05-22 00:00:00');

-- --------------------------------------------------------

--
-- Table structure for table `mokeem_relative`
--

CREATE TABLE `mokeem_relative` (
  `id` bigint(20) UNSIGNED NOT NULL,
  `relative_record` varchar(255) COLLATE utf8mb4_unicode_ci NOT NULL,
  `relative_name` varchar(255) COLLATE utf8mb4_unicode_ci NOT NULL,
  `relative_phone` varchar(255) COLLATE utf8mb4_unicode_ci DEFAULT NULL,
  `relative_phone2` varchar(255) COLLATE utf8mb4_unicode_ci DEFAULT NULL,
  `relative_phone3` varchar(255) COLLATE utf8mb4_unicode_ci DEFAULT NULL,
  `created_at` timestamp NULL DEFAULT NULL,
  `updated_at` timestamp NULL DEFAULT NULL
) ENGINE=InnoDB DEFAULT CHARSET=utf8mb4 COLLATE=utf8mb4_unicode_ci;

--
-- Dumping data for table `mokeem_relative`
--

INSERT INTO `mokeem_relative` (`id`, `relative_record`, `relative_name`, `relative_phone`, `relative_phone2`, `relative_phone3`, `created_at`, `updated_at`) VALUES
(1, '12345', 'reeee', '575757577', '6868686', '46646464', NULL, NULL),
(3, '9997868787', 'eeeeeee', '79997979979', NULL, NULL, '2020-12-12 10:44:23', '2020-12-12 10:44:34'),
(8, '1057002170', 'عبدالعزيز عبدالله السبيل', NULL, NULL, NULL, '2021-01-26 04:42:34', '2021-01-26 04:45:39'),
(9, '1012874407', 'ناصر السيبل', 'غير مسجل', NULL, NULL, '2021-01-26 04:44:32', '2021-01-26 04:44:32'),
(10, '1060531371', 'موضي السيبل', '0557483963', NULL, NULL, '2021-01-26 04:46:48', '2021-01-26 04:46:48'),
(11, '1105153470', 'فيصل البقعاوي', '0532154277', NULL, NULL, '2021-01-26 04:47:55', '2021-01-26 04:47:55'),
(12, 'غير متوفر', 'حليمة سعد السبيل', 'غير متوفر', NULL, NULL, '2021-01-26 04:48:52', '2021-01-26 04:48:52'),
(13, '1012037113', 'محمد سليمان النقيثان', NULL, NULL, NULL, '2021-01-26 04:52:40', '2021-01-26 04:56:31'),
(15, 'لا يوجد', 'عبدالله الجري', NULL, NULL, NULL, '2021-01-26 04:59:56', '2021-01-26 04:59:56'),
(16, '1108217520', 'سيف الحواس', '0502634367', NULL, NULL, '2021-01-26 05:01:04', '2021-01-26 05:01:04'),
(17, 'غير متوفر', 'عبدالرحمن محمد السديس', NULL, NULL, NULL, '2021-01-26 05:15:24', '2021-01-26 05:15:24'),
(18, '1074365943', 'منيرة الحديثي', NULL, NULL, NULL, '2021-02-01 00:59:27', '2021-02-01 01:01:20'),
(19, '1047365858', 'مزنة الحديثي', 'na', NULL, NULL, '2021-02-01 01:02:15', '2021-02-01 01:02:15'),
(20, '1047365893', 'نوال الحديثي', 'na', NULL, NULL, '2021-02-01 01:03:28', '2021-02-01 01:03:28'),
(21, '1047365901', 'مريم الحديثي', 'na', NULL, NULL, '2021-02-01 01:04:33', '2021-02-01 01:04:33'),
(22, '1047365935', 'عبدالالة الحديثي', '0504896967', NULL, NULL, '2021-02-01 01:06:01', '2021-02-01 01:06:01'),
(23, '1112920597', 'محمد عبدالرحمن الحديثي', 'na', NULL, NULL, '2021-02-01 01:07:10', '2021-02-01 01:07:10'),
(24, '1039381775', 'صياف عتيق المطيري', NULL, NULL, NULL, '2021-02-01 01:11:42', '2021-02-01 01:11:42'),
(25, '1001266707', 'عويض نويف المطيري', '0508919425', NULL, NULL, '2021-02-01 01:12:54', '2021-02-01 01:12:54'),
(26, '1072416306', 'محمد صياف المطيري', '0544404421', NULL, NULL, '2021-02-01 01:14:15', '2021-02-01 01:14:15'),
(27, '1088298524', 'بدر صياف المطيري', 'na', NULL, NULL, '2021-02-01 01:15:24', '2021-02-01 01:15:24'),
(28, '1035269727', 'مرزوق حسين الضبعان', NULL, NULL, NULL, '2021-02-01 01:19:20', '2021-02-01 01:19:20'),
(29, '1035269750', 'فلحاء الحربي', 'na', NULL, NULL, '2021-02-01 01:20:07', '2021-02-01 01:20:07'),
(30, '1035269768', 'محمد مرزوق الضبعان', '0503148198', NULL, NULL, '2021-02-01 01:22:00', '2021-02-01 01:22:00'),
(31, '1069539573', 'خالد مرزوق الضبعان', '0507198984', NULL, NULL, '2021-02-01 01:23:44', '2021-02-01 01:23:55'),
(32, '1036814513', 'سليمان ابراهيم الفريجي', NULL, NULL, NULL, '2021-02-01 01:29:30', '2021-02-01 01:29:30'),
(33, '1014745838', 'نورة علي الوهيبي', '0500639003', NULL, NULL, '2021-02-01 01:30:28', '2021-02-01 01:30:28'),
(34, '1121203580', 'عبدالله سليمان الفريجي', '0504713150', NULL, NULL, '2021-02-01 01:31:27', '2021-02-01 01:31:27'),
(35, 'na', 'علي حبيب الحربي', NULL, NULL, NULL, '2021-02-01 01:40:24', '2021-02-01 01:40:24'),
(36, '1050290947', 'بركات علي حبيب الحربي', 'na', NULL, NULL, '2021-02-01 03:13:30', '2021-02-01 03:13:30'),
(37, '1074269463', 'عادل علي حبيب الحربي', '0505791083', NULL, NULL, '2021-02-01 03:15:36', '2021-02-01 03:15:36'),
(38, '1126245982', 'طارق علي الحربي', 'na', NULL, NULL, '2021-02-01 03:17:01', '2021-02-01 03:17:01'),
(39, '1045760061', 'علي جزاء الحربي', NULL, NULL, NULL, '2021-02-01 03:22:04', '2021-02-01 03:22:04'),
(40, '1052149711', 'خالد علي جزاء الحربي', '0555112470', NULL, NULL, '2021-02-01 03:24:33', '2021-02-01 03:24:33'),
(41, '1066894286', 'جهز علي جزاء الحربي', '0555651966', NULL, NULL, '2021-02-01 03:27:08', '2021-02-01 03:27:08'),
(42, '1029054861', 'نواف نافع الطريس', NULL, NULL, NULL, '2021-02-01 03:30:27', '2021-02-01 03:30:27'),
(43, '1052812235', 'بدر نواف نافع الطريس', '0506165013', NULL, NULL, '2021-02-01 03:31:52', '2021-02-01 03:31:52'),
(44, '1066539170', 'فارس نواف نافع الطريس', '0508886941', '0558659093', NULL, '2021-02-01 03:32:49', '2021-02-01 03:32:49'),
(45, '1070106263', 'احمد نواف نافع الطريس', '0549577727', NULL, NULL, '2021-02-01 03:38:13', '2021-02-01 03:38:13'),
(46, '1092017522', 'عبدالله نواف نافع الطريس', '0530969577', NULL, NULL, '2021-02-01 03:39:15', '2021-02-01 03:39:15'),
(47, 'na11', 'منيرة السديس', NULL, NULL, NULL, '2021-02-01 03:42:15', '2021-02-01 03:42:15'),
(48, '1025432327', 'زياد يوسف اليوسف', '0500116189', NULL, NULL, '2021-02-01 03:45:55', '2021-02-01 03:45:55'),
(49, '1043126125', 'عبدالله السديس', 'na', NULL, NULL, '2021-02-01 03:46:37', '2021-02-01 03:46:37'),
(50, '1054752462', 'جمال عبدالعزيز اليوسف', '0554607272', NULL, NULL, '2021-02-01 03:47:49', '2021-02-01 03:47:49'),
(51, '1076633443', 'معمر عبدالعزيز اليوسف', '0533778111', NULL, NULL, '2021-02-01 03:50:22', '2021-02-01 03:50:22'),
(52, '1090364124', 'مشاري عبدالعزيز اليوسف', '0533772111', NULL, NULL, '2021-02-01 03:51:05', '2021-02-01 03:51:05'),
(53, '1091733202', 'عبدالاله العريني', '0555995998', NULL, NULL, '2021-02-01 03:51:51', '2021-02-01 03:51:51'),
(54, '1068595006', 'عبدالعزيز الثنيان', NULL, NULL, NULL, '2021-02-01 04:03:38', '2021-02-01 04:03:38'),
(55, '1047183361', 'سليمان محمد المظيبري', NULL, NULL, NULL, '2021-02-01 04:09:44', '2021-02-01 04:09:44'),
(56, '10055461824', 'منيرة المظيبري', 'na', NULL, NULL, '2021-02-01 04:10:48', '2021-02-01 04:10:48'),
(57, '1100807716', 'محمد سليمان المظيبري', 'na', NULL, NULL, '2021-02-01 04:11:47', '2021-02-01 04:13:05'),
(58, '1123415257', 'احمد سليمان المظيبري', '0501446894', NULL, NULL, '2021-02-01 04:12:43', '2021-02-01 04:12:43'),
(59, '1067029718', 'محمد شمروخ الحربي', NULL, NULL, NULL, '2021-02-01 04:15:41', '2021-02-01 04:15:41'),
(60, '1051553988', 'محمد تركي العتيبي', '0544913770', NULL, NULL, '2021-02-01 04:16:52', '2021-02-01 04:16:52'),
(61, '1026732519', 'فهد خضير المطيري', NULL, NULL, NULL, '2021-02-01 04:19:47', '2021-02-01 04:19:47'),
(62, 'nna', 'محمد صالح المحمود', NULL, NULL, NULL, '2021-02-01 04:22:47', '2021-02-01 04:22:47'),
(63, '1018378214', 'مزنة صالح المحمود', 'na', NULL, NULL, '2021-02-01 04:44:13', '2021-02-01 04:44:13'),
(64, '1018378248', 'حصة صالح المحمود', '0506152072', '0503981056', NULL, '2021-02-01 04:45:29', '2021-02-01 04:45:29'),
(65, '1018378263', 'حنان صالح المحمود', 'na', NULL, NULL, '2021-02-01 04:53:16', '2021-02-01 04:53:16'),
(66, '1114327410', 'عاصم منصور المحمود', 'na', NULL, NULL, '2021-02-01 04:54:07', '2021-02-01 04:54:07'),
(67, '1064614074', 'منيرة عبدالله الحربي', NULL, NULL, NULL, '2021-02-02 01:03:56', '2021-02-02 01:03:56'),
(68, '1064614066', 'صالح فريح الحربي', '0535670103', NULL, NULL, '2021-02-02 01:05:10', '2021-02-02 01:05:10'),
(69, '1102742678', 'فهد عبدالله الحربي', 'na', NULL, NULL, '2021-02-02 01:06:00', '2021-02-02 01:06:00'),
(70, '1014722654', 'عبدالرحمن الشمالي', NULL, NULL, NULL, '2021-02-02 01:10:18', '2021-02-02 01:10:18'),
(71, '1048662728', 'أحمد علي الجمعة', NULL, NULL, NULL, '2021-02-02 01:14:38', '2021-02-02 01:14:38'),
(72, '1003969696', 'معلاء عواد الحربي', NULL, NULL, NULL, '2021-02-02 03:38:02', '2021-02-02 03:38:02'),
(73, '1018160786', 'نايف رويشد الحربي', NULL, NULL, NULL, '2021-02-02 03:40:44', '2021-02-02 03:40:44'),
(74, '10294934062', 'ممدوح نايف الحربي', '0555967249', NULL, NULL, '2021-02-02 03:42:04', '2021-02-02 03:42:04'),
(75, '1099309807', 'هايف نايف الحربي', '0553132191', NULL, NULL, '2021-02-02 03:42:48', '2021-02-02 03:42:48'),
(76, 'nan', 'مسعود معيوف المطيري', NULL, NULL, NULL, '2021-02-02 03:58:25', '2021-02-02 03:58:25'),
(77, '100055688', 'مرزوق معيوف المطيري', '0504884372', NULL, NULL, '2021-02-02 03:59:28', '2021-02-02 03:59:28'),
(78, '1044360541', 'سعود معيوف المطيري', '0533383813', '0598911066', NULL, '2021-02-02 04:00:30', '2021-02-02 04:00:30'),
(79, '1044360608', 'عبدالله معيوف المطيري', 'na', NULL, NULL, '2021-02-02 04:01:19', '2021-02-02 04:01:19'),
(80, '1066793645', 'متعب معيوف المطيري', '0542906699', NULL, NULL, '2021-02-02 04:02:02', '2021-02-02 04:02:02'),
(81, '1006915654', 'عزيز خويشان الحربي', NULL, NULL, NULL, '2021-02-02 04:06:06', '2021-02-02 04:06:06'),
(82, '1006915688', 'سعود عزيز الحربي', '966566336696', NULL, NULL, '2021-02-02 04:07:07', '2021-02-02 04:07:07'),
(83, '1082091354', 'عبدلاله عزيز الحربي', '966506336696', '966530479115', NULL, '2021-02-02 04:08:21', '2021-02-02 04:08:21'),
(84, 'naa1', 'منور جزاء المطيري', NULL, NULL, NULL, '2021-02-02 04:12:17', '2021-02-02 04:12:17'),
(85, '1015280777', 'الحميدي حمدي المطيري', '966503448703', NULL, NULL, '2021-02-02 04:13:18', '2021-02-02 04:13:18'),
(86, '1069637211', 'محمد منور المطيري', '966507099606', NULL, NULL, '2021-02-02 04:14:23', '2021-02-02 04:14:23'),
(87, '1033533223', 'خالد موسى الحربي', '966506148958', NULL, NULL, '2021-02-02 04:18:03', '2021-02-03 05:46:18'),
(88, '1074640762', 'صالح محمد سالم الحربي', '966541114787', NULL, NULL, '2021-02-02 04:20:13', '2021-02-02 04:20:13'),
(89, 'nna1', 'ربحة عوض الحربي', NULL, NULL, NULL, '2021-02-02 04:25:07', '2021-02-02 04:25:07'),
(90, '1064076514', 'متعب علي عوض الحربي', '966557957053', NULL, NULL, '2021-02-02 04:26:29', '2021-02-02 04:26:29'),
(91, '11171718330', 'باسل علي عوض الحربي', 'na', NULL, NULL, '2021-02-02 04:27:14', '2021-02-02 04:27:14'),
(92, '1005690282', 'علي خلف الدويغري', NULL, NULL, NULL, '2021-02-02 04:30:16', '2021-02-02 04:30:16'),
(93, '1005690308', 'خالد علي خلف الحربي', '966505154079', '966505154079', NULL, '2021-02-02 04:31:43', '2021-02-02 04:31:43'),
(94, '1008024018', 'صلاح محمد القاضي', NULL, NULL, NULL, '2021-02-02 04:42:15', '2021-02-02 04:42:15'),
(95, '1066234921', 'عبدالله محمد القاضي', '966555133484', NULL, NULL, '2021-02-02 04:43:22', '2021-02-02 04:43:22'),
(96, '104795287', 'بدرية السليم', '966504880737', NULL, NULL, '2021-02-02 04:43:53', '2021-02-02 04:43:53'),
(97, '1016434852', 'محمد سند المطيري', NULL, NULL, NULL, '2021-02-02 04:47:22', '2021-02-02 04:47:22'),
(98, '1016434902', 'سلطان محمد سند المطيري', '966551278131', '966507457779', NULL, '2021-02-02 04:48:44', '2021-02-02 04:48:44'),
(99, '1007963174', 'خالد دعيع الزغيبي', NULL, NULL, NULL, '2021-02-02 05:15:54', '2021-02-02 05:15:54'),
(100, '109262222', 'عمر خالد الزغيبي', '966504985758', '966550489884', NULL, '2021-02-02 05:16:58', '2021-02-02 05:16:58'),
(101, 'naa11', 'فهد عنيزان الحربي', NULL, NULL, NULL, '2021-02-02 05:20:45', '2021-02-02 05:20:45'),
(102, '110428885', 'ابراهيم فهيد الحربي', '966532339383', '966505144919', '966502428002', '2021-02-02 05:22:41', '2021-02-02 05:22:41'),
(103, '1032718593', 'محمد علي الزايد', '966503080683', NULL, NULL, '2021-02-02 05:30:02', '2021-02-02 05:30:16'),
(104, '1035599636', 'علي الجالس', '966560567007', NULL, NULL, '2021-02-02 05:32:10', '2021-02-02 05:32:10'),
(105, '1035599644', 'عبدالعزيز الجالس', '966503080683', NULL, NULL, '2021-02-02 05:32:48', '2021-02-02 05:32:48'),
(106, 'na101', 'حسين محمد العبلاني', '966596777799', NULL, NULL, '2021-02-02 05:36:32', '2021-02-02 05:36:47'),
(107, 'na010', 'هدى محمد العبلاني', '966504429731', NULL, NULL, '2021-02-02 05:37:45', '2021-02-02 05:37:45'),
(108, '10028514782', 'محمد الهياف', 'na', NULL, NULL, '2021-02-02 05:38:46', '2021-02-02 05:38:46'),
(109, '1004375109', 'صالح علي الزبن', 'na', NULL, NULL, '2021-02-02 05:39:16', '2021-02-02 05:39:16'),
(110, '1025629781', 'هياء محمد العبلاني', '966555130288', NULL, NULL, '2021-02-02 05:41:12', '2021-02-02 05:41:12'),
(111, '1030506552', 'مها محمد العبلاني', 'na', NULL, NULL, '2021-02-02 05:42:51', '2021-02-02 05:42:51'),
(112, '1030506560', 'صالح محمد العبلاني', '966555999515', NULL, NULL, '2021-02-02 05:43:41', '2021-02-02 05:43:41'),
(113, '103056529', 'مريم محمد العبلاني', '966500441465', NULL, NULL, '2021-02-02 05:44:23', '2021-02-02 05:44:23'),
(114, '1078871777', 'عبدالمحسن', 'na', NULL, NULL, '2021-02-02 05:49:02', '2021-02-02 05:49:02'),
(115, '1090874449', 'يوسف محمد العبلاني', '966596777799', NULL, NULL, '2021-02-02 05:49:50', '2021-02-02 05:49:50'),
(116, '1115811026', 'محمد السديس', 'na', NULL, NULL, '2021-02-02 05:50:18', '2021-02-02 05:50:18'),
(117, 'naa10', 'نورة عيد الحربي', '966551195963', NULL, NULL, '2021-02-02 06:15:13', '2021-02-02 06:15:28'),
(118, '1048728685', 'ساير علي الحربي', '966551195963', NULL, NULL, '2021-02-02 06:17:19', '2021-02-02 06:17:19'),
(119, '1050192101', 'عيد علي الحربي', '966505888841', NULL, NULL, '2021-02-02 06:18:10', '2021-02-02 06:18:10'),
(120, '1008622076', 'جارالله صالح الصنات', '966551474750', NULL, NULL, '2021-02-02 06:22:22', '2021-02-02 06:22:34'),
(121, '1008622092', 'محمد جارالله الصنات', '966503981050', NULL, NULL, '2021-02-02 06:23:25', '2021-02-02 06:23:25'),
(122, 'na1001', 'عبدالرحمن صالح العقلان', '966505143656', NULL, NULL, '2021-02-02 06:26:17', '2021-02-02 06:26:34'),
(123, '1066982743', 'احمد عبدالرحمن العقلان', '966553218519', NULL, NULL, '2021-02-02 06:28:10', '2021-02-02 06:28:10'),
(124, '1055393274', 'زيد علي الحربي', '966555998007', NULL, NULL, '2021-02-02 06:31:38', '2021-02-02 06:31:56'),
(125, '1070694235', 'عبدالرحمن علي زيد الحربي', '966555998007', NULL, NULL, '2021-02-02 06:32:53', '2021-02-02 06:32:53'),
(126, '1023074535', 'نايف فارس العتيبي', '966503974927', NULL, NULL, '2021-02-02 07:07:17', '2021-02-02 07:07:29'),
(127, '1023074550', 'فهد نايف العتيبي', '966566168887', NULL, NULL, '2021-02-02 07:08:37', '2021-02-02 07:08:37'),
(128, '1023074626', 'محمد نايف العتيبي', '966502589446', NULL, NULL, '2021-02-02 07:09:36', '2021-02-02 07:09:36'),
(129, '1073080283', 'سعد نايف العتيبي', '966556696982', NULL, NULL, '2021-02-02 07:10:36', '2021-02-02 07:10:36'),
(130, '1073801635', 'فارس نايف العتيبي', '966558659093', NULL, NULL, '2021-02-02 07:12:00', '2021-02-02 07:12:00'),
(131, 'na002', 'شما الفواز', '966505908816', '966503138693', NULL, '2021-02-02 07:16:36', '2021-02-02 07:17:12'),
(132, '1020194666', 'فهد محسن الفواز', '966505176092', NULL, NULL, '2021-02-02 07:18:04', '2021-02-02 07:18:04'),
(133, '1020194690', 'علي محسن الفواز', '966503138693', NULL, NULL, '2021-02-02 07:18:50', '2021-02-02 07:18:50'),
(134, '1020194716', 'حمدان محسن الفواز', '966506138640', NULL, NULL, '2021-02-02 07:19:55', '2021-02-02 07:19:55'),
(135, '1014013542', 'راضي سامر المطيري', '966503975548', NULL, NULL, '2021-02-02 08:06:07', '2021-02-02 08:07:19'),
(136, '1073940585', 'صلاح راضي المطيري', '966503975548', NULL, NULL, '2021-02-02 08:07:09', '2021-02-02 08:07:09'),
(137, 'na115', 'نورة الشحيتان', '966531106730', NULL, NULL, '2021-02-02 08:09:49', '2021-02-02 08:10:01'),
(138, '1094909064', 'يزيد صالح الرثيع', '966531106730', NULL, NULL, '2021-02-02 08:11:01', '2021-02-02 08:11:01'),
(139, '1034291284', 'فرح حمدان المطيري', '966553390401', NULL, NULL, '2021-02-03 01:15:49', '2021-02-03 01:16:05'),
(140, '1025802453', 'فواز خليفة المطيري', '966564444500', NULL, NULL, '2021-02-03 01:17:35', '2021-02-03 01:17:35'),
(141, 'nnaa1', 'حمد راشد الحربي', '966569510229', NULL, NULL, '2021-02-03 01:20:16', '2021-02-03 01:20:36'),
(142, '1037922901', 'صالح العوفي', '966551133696', NULL, NULL, '2021-02-03 01:21:29', '2021-02-03 01:21:29'),
(143, '1101989356', 'احمد الحربي', '966569510229', NULL, NULL, '2021-02-03 01:22:11', '2021-02-03 01:22:11'),
(144, 'nan1', 'مشحن دريميح المطيري', '966504894556', NULL, NULL, '2021-02-03 01:24:43', '2021-02-03 01:24:55'),
(145, '1024653071', 'صالح دريميح المطيري', '966506137505', NULL, NULL, '2021-02-03 01:25:52', '2021-02-03 01:25:52'),
(146, '1029627575', 'جزاء معيض المطيري', '966503974287', NULL, NULL, '2021-02-03 01:26:34', '2021-02-03 01:26:34'),
(147, '1041321413', 'عبدالرحمن دريميح المطيري', '966504894526', NULL, NULL, '2021-02-03 01:27:48', '2021-02-03 01:27:48'),
(148, 'غير متوفر 0001', 'منيرة عوض الحربي', '966503427267', NULL, NULL, '2021-02-03 01:30:40', '2021-02-03 01:30:54'),
(149, '1038909089', 'غازي مناحي الحربي', '9665034207268', NULL, NULL, '2021-02-03 01:32:16', '2021-02-03 01:32:16'),
(150, '1042834950', 'طلال ضيف الله الحربي', '966541731149', NULL, NULL, '2021-02-03 01:33:46', '2021-02-03 01:33:46'),
(151, '1048155384', 'سلمان المظيبري', '966507194935', NULL, NULL, '2021-02-03 01:36:33', '2021-02-03 01:36:43'),
(152, '1048155400', 'مصيليح سلمان المظيبري', '966554315995', NULL, NULL, '2021-02-03 01:37:33', '2021-02-03 01:37:33'),
(153, '1048155434', 'مصلح سلمان المظيبري', '966557302832', NULL, NULL, '2021-02-03 01:38:54', '2021-02-03 01:38:54'),
(154, '1048155442', 'سليم سلمان المظيبري', '966598089228', NULL, NULL, '2021-02-03 01:39:47', '2021-02-03 01:39:47'),
(155, '1050694296', 'صالح محمد الفايز', '966555189393', '966555799543', NULL, '2021-02-03 01:43:03', '2021-02-03 01:43:31'),
(156, '1015630708', 'عائشة السحيباني', '966504666090', NULL, NULL, '2021-02-03 01:44:20', '2021-02-03 01:45:12'),
(157, '1015630732', 'منيرة الفايز', 'na', NULL, NULL, '2021-02-03 01:44:50', '2021-02-03 01:44:50'),
(158, '1015630740', 'ايمان الفايز', 'na', NULL, NULL, '2021-02-03 01:45:51', '2021-02-03 01:45:51'),
(159, '1081586297', 'فداء الفايز', 'na', NULL, NULL, '2021-02-03 01:46:22', '2021-02-03 01:46:22'),
(160, '1020246615', 'صالح ناشر المطيري', '966503181043', NULL, NULL, '2021-02-03 01:48:45', '2021-02-03 01:48:55'),
(161, '1072032962', 'محمد صالح المطيري', '966530703077', NULL, NULL, '2021-02-03 01:52:06', '2021-02-03 01:52:06'),
(162, '1097930927', 'متعب صالح المطيري', '966557811889', NULL, NULL, '2021-02-03 01:53:13', '2021-02-03 01:53:13'),
(163, 'غير متوفر1', 'صالح محمد العمرو', '966555153823', NULL, NULL, '2021-02-03 02:00:28', '2021-02-03 02:00:49'),
(164, '1006882516', 'محمد عبدالله السحيباني', '966551367837', NULL, NULL, '2021-02-03 02:01:31', '2021-02-03 02:01:31'),
(165, '1007364332', 'وليد ابراهيم الخويطر', '966504978845', NULL, NULL, '2021-02-03 02:02:17', '2021-02-03 02:02:17'),
(166, '1040915173', 'محمد عبدالعزيز الساير', '966555153823', NULL, NULL, '2021-02-03 02:03:08', '2021-02-03 02:03:08'),
(167, '1048253049', 'صالح عبدالعزيز الساير', '966506161212', NULL, NULL, '2021-02-03 02:04:06', '2021-02-03 02:04:06'),
(168, '1075017382', 'احمد الهويرني', 'na', NULL, NULL, '2021-02-03 02:04:32', '2021-02-03 02:04:32'),
(169, 'غير متوفر01', 'عبدالرحمن علي الحربي', '966560294170', NULL, NULL, '2021-02-03 02:09:20', '2021-02-03 02:09:33'),
(170, '1043410149', 'عبداللطيف ناحي البشري', '966504286732', NULL, NULL, '2021-02-03 02:10:24', '2021-02-03 02:10:24'),
(171, '1055130106', 'احمد علي البشري', '966505138948', NULL, NULL, '2021-02-03 02:10:59', '2021-02-03 02:10:59'),
(172, '1047654502', 'محمد الحديثي', '966598880866', NULL, NULL, '2021-02-03 03:02:33', '2021-02-03 03:02:44'),
(173, '1047654544', 'عبدالرحمن محمد الحديثي', '966532421152', NULL, NULL, '2021-02-03 03:03:40', '2021-02-03 03:03:40'),
(174, 'غير متوفر003', 'خميس محمد المزيد', '966553988459', NULL, NULL, '2021-02-03 03:06:06', '2021-02-03 03:06:21'),
(175, '1018602944', 'محمد الرشيد', 'NA', NULL, NULL, '2021-02-03 03:07:39', '2021-02-03 03:07:39'),
(176, 'غير متوفر004', 'جايز طارش العتيبي', '966568891924', '966554154008', NULL, '2021-02-03 03:11:05', '2021-02-03 03:11:56'),
(177, '1004745962', 'سعود جايز العتيبي', '966503472945', NULL, NULL, '2021-02-03 03:14:06', '2021-02-03 03:14:06'),
(178, '1013803877', 'علي جايز العتيبي', '966554154008', NULL, NULL, '2021-02-03 03:16:14', '2021-02-03 03:16:14'),
(179, '1013803893', 'ساطي جايز العتيبي', 'na', NULL, NULL, '2021-02-03 03:22:58', '2021-02-03 03:22:58'),
(180, '1033851351', 'عادل جايز التعيبي', '966542332224', NULL, NULL, '2021-02-03 03:24:01', '2021-02-03 03:24:01'),
(181, '1097352577', 'منصور العتيبي', 'na', NULL, NULL, '2021-02-03 03:24:34', '2021-02-03 03:24:34'),
(182, '1044175436', 'محمد خليوي المطيري', '966504434349', NULL, NULL, '2021-02-03 03:29:44', '2021-02-03 03:29:58'),
(183, '1044175465', 'ابراهيم خليوي المطيري', '966542187087', NULL, NULL, '2021-02-03 03:31:10', '2021-02-03 03:31:10'),
(184, '1078963350', 'قمرى خليوي المطيري', 'na', NULL, NULL, '2021-02-03 03:31:54', '2021-02-03 03:31:54'),
(185, '1079616080', 'وليد خليوي المطيري', '966505886366', NULL, NULL, '2021-02-03 03:32:43', '2021-02-03 03:32:43'),
(186, '1079616098', 'عبدالرحمن خليوي المطيري', 'na', NULL, NULL, '2021-02-03 03:33:27', '2021-02-03 03:33:27'),
(187, '1106221938', 'ماجد رواضي المطيري', '966505934242', NULL, NULL, '2021-02-03 03:34:33', '2021-02-03 03:34:33'),
(188, 'غير متوفر005', 'غير متوفر', NULL, NULL, NULL, '2021-02-03 03:37:49', '2021-02-03 03:37:49'),
(189, '1032444307', 'منيفة تركي المطيري', 'na', NULL, NULL, '2021-02-03 03:38:44', '2021-02-03 03:38:44'),
(190, '1109164077', 'عادل علي المطيري', 'na', NULL, NULL, '2021-02-03 03:39:12', '2021-02-03 03:39:12'),
(191, '1047028590', 'عبدالعزيز الرشودي', '966568494459', NULL, NULL, '2021-02-03 03:43:10', '2021-02-03 03:43:23'),
(192, '1101226692', 'عمر عبدالعزيز الرشودي', '966545278484', NULL, NULL, '2021-02-03 03:44:33', '2021-02-03 03:44:33'),
(193, '1015894932', 'صالح محمد المقري', '966506779009', NULL, NULL, '2021-02-03 04:06:41', '2021-02-03 04:06:54'),
(194, '1022742587', 'ريم عثمان اليوسفي', '966550671149', NULL, NULL, '2021-02-03 04:07:51', '2021-02-03 04:07:51'),
(195, '1047127814', 'علي مبارك الحارثي', '966554199496', '966559631240', NULL, '2021-02-03 04:11:05', '2021-02-03 04:11:36'),
(196, '1028793071', 'فالح جزاء المطيري', '966553141142', '966505171380', NULL, '2021-02-03 04:13:17', '2021-02-03 04:13:40'),
(197, '1104310816', 'عبدالمجيد فالح المطيىري', '966500323308', NULL, NULL, '2021-02-03 04:14:31', '2021-02-03 04:14:31'),
(198, 'غير متوفر007', 'فهد عبداللطيف الصالح', '966508111944', NULL, NULL, '2021-02-03 04:17:04', '2021-02-03 04:17:14'),
(199, 'غير متوفر008', 'محمد يوسف  الهواش', '966505147853', NULL, NULL, '2021-02-03 04:19:27', '2021-02-03 04:19:40'),
(200, 'غير متوفر009', 'عبدالرحمن السعدون', '966505201571', NULL, NULL, '2021-02-03 04:21:13', '2021-02-03 04:21:31'),
(201, '1030928251', 'فيصل السعدون', '966503389438', NULL, NULL, '2021-02-03 04:22:47', '2021-02-03 04:22:47'),
(202, '1057893131', 'عبدالعزيز السعدون', '966505144167', NULL, NULL, '2021-02-03 04:23:21', '2021-02-03 04:23:21'),
(203, '1055452286', 'عبدالله مرداس العتيبي', '966505134814', NULL, NULL, '2021-02-03 04:25:34', '2021-02-03 04:25:48'),
(204, '1010775739', 'افنان عبدالله العتيبي', 'na', NULL, NULL, '2021-02-03 04:27:25', '2021-02-03 04:27:25'),
(205, '1054462831', 'موضي المطيري', '966506161816', NULL, NULL, '2021-02-03 04:28:37', '2021-02-03 04:28:37'),
(206, '1075058302', 'زياد عبدالله المطيري', '966568669777', NULL, NULL, '2021-02-03 04:29:18', '2021-02-03 04:29:18'),
(207, 'غير متوفر011', 'نورة السحيم', '966551684558', NULL, NULL, '2021-02-03 04:31:26', '2021-02-03 04:31:40'),
(208, '1072577503', 'نواف جازي الحربي', 'na', NULL, NULL, '2021-02-03 05:12:33', '2021-02-03 05:12:33'),
(209, '1083939577', 'منيف الحربي', '966551684558', NULL, NULL, '2021-02-03 05:13:13', '2021-02-03 05:13:13'),
(210, 'غير متوفر022', 'غير متوفر', NULL, NULL, NULL, '2021-02-03 05:15:50', '2021-02-03 05:15:50'),
(211, 'غير متوفر020', 'عبدالرحمن الشعيبي', 'na', NULL, NULL, '2021-02-03 05:16:38', '2021-02-03 05:16:38'),
(212, '1001762689', 'اسماء السديس', '966502202917', NULL, NULL, '2021-02-03 05:21:35', '2021-02-03 05:21:35'),
(213, '1013899876', 'محمد ابراهيم العبيدي', '966504885847', NULL, NULL, '2021-02-03 05:22:38', '2021-02-03 05:22:38'),
(214, '1017784503', 'علي عبدالله السديس', 'na', NULL, NULL, '2021-02-03 05:23:09', '2021-02-03 05:23:09'),
(215, '1037406269', 'صالح الراجحي', 'na', NULL, NULL, '2021-02-03 05:24:04', '2021-02-03 05:24:04'),
(216, '1065439836', 'بدر الشعيبي', '966555880399', NULL, NULL, '2021-02-03 05:24:56', '2021-02-03 05:24:56'),
(217, '1108696723', 'يزيد السديس', '966505190511', NULL, NULL, '2021-02-03 05:30:34', '2021-02-03 05:30:34'),
(218, '1035565132', 'فايح فيحان المطيري', '966503327822', NULL, NULL, '2021-02-03 05:34:20', '2021-02-03 05:34:36'),
(219, '1032356212', 'ماجد المطيري', '966531954834', NULL, NULL, '2021-02-03 05:35:19', '2021-02-03 05:35:19'),
(220, '1078190244', 'سلمان موسى الحربي', NULL, NULL, NULL, '2021-02-03 05:37:44', '2021-02-03 05:37:44'),
(221, '10193333028', 'عبدالرحمن ناصر العضيب', NULL, NULL, NULL, '2021-02-03 05:51:15', '2021-02-03 05:51:15'),
(222, 'غير متوفر044', 'عبدالعزيز ناصر العضيب', 'na', NULL, NULL, '2021-02-03 05:51:58', '2021-02-03 05:51:58'),
(223, '1001540838', 'عبدالله الشايع', 'na', NULL, NULL, '2021-02-03 05:52:54', '2021-02-03 05:52:54'),
(224, '1019333044', 'ناصر عبدالرحمن العضيب', '966504888419', NULL, NULL, '2021-02-03 05:53:36', '2021-02-03 05:53:36'),
(225, '1038251672', 'عبدالالة العضيب', '966506113008', NULL, NULL, '2021-02-03 05:54:20', '2021-02-03 05:54:20'),
(226, '1039924640', 'سلطان العماش', 'na', NULL, NULL, '2021-02-03 05:54:51', '2021-02-03 05:54:51'),
(227, '1096803117', 'نزار العماش', '966534885199', NULL, NULL, '2021-02-03 05:55:17', '2021-02-03 05:55:17'),
(228, '1024321687', 'مزنة عبدالرحمن البطي', '966503981311', NULL, NULL, '2021-02-03 05:58:49', '2021-02-03 05:59:01'),
(229, '1027681566', 'ملفي عبيد الحربي', '966557444250', '966509440880', NULL, '2021-02-03 06:02:18', '2021-02-03 06:02:48'),
(230, '1013279210', 'طلال عيد العتيبي', '966551413055', NULL, NULL, '2021-02-03 06:04:49', '2021-02-03 06:04:58'),
(231, '1036994190', 'عوض طلال العتيبي', '966506895848', NULL, NULL, '2021-02-03 06:05:51', '2021-02-03 06:05:51'),
(232, '1037854195', 'محمد عبدالله العوفي', '966531370704', NULL, NULL, '2021-02-03 06:13:26', '2021-02-03 06:13:36'),
(233, '1125486744', 'سعد محمد العوفي', '966531370704', '966536298620', NULL, '2021-02-03 06:15:52', '2021-02-03 06:15:52'),
(234, 'غير متوفر066', 'حمود تركي الحربي', '966558507898', '966590065774', NULL, '2021-02-03 06:18:24', '2021-02-03 06:18:46'),
(235, '1026907517', 'ناهس حمود الحربي', '966556709507', NULL, NULL, '2021-02-03 06:19:36', '2021-02-03 06:19:36'),
(236, '1026907545', 'تركي حمود الحربي', '966590003438', NULL, NULL, '2021-02-03 06:20:24', '2021-02-03 06:20:24'),
(237, '1091519064', 'مشعل حمود الحربي', '966500028214', NULL, NULL, '2021-02-03 06:21:10', '2021-02-03 06:21:10'),
(238, 'غيرمتوفرx00', 'صالح حدجان الحربي', '966580588850', NULL, NULL, '2021-02-03 06:23:56', '2021-02-03 06:24:15'),
(239, '1033472034', 'محمد صالح الحربي', '966556262500', NULL, NULL, '2021-02-03 06:25:45', '2021-02-03 06:25:45'),
(240, '1033472042', 'غادة صالح الحربي', 'na', NULL, NULL, '2021-02-03 06:26:55', '2021-02-03 06:26:55'),
(241, '1034823201', 'ثامر صالح الحربي', 'na', NULL, NULL, '2021-02-03 06:27:23', '2021-02-03 06:27:23'),
(242, 'غير متوفرx003', 'صالح عبدالرحمن العودة', '966561254753', '966505124733', NULL, '2021-02-03 06:44:09', '2021-02-03 06:44:38'),
(243, '1005946833', 'محمد صالح العودة', '966550521866', NULL, NULL, '2021-02-03 06:45:59', '2021-02-03 06:45:59'),
(244, '1005946858', 'عبدالله صالح العودة', '966562515111', NULL, NULL, '2021-02-03 06:46:41', '2021-02-03 06:46:41'),
(245, '1037030069', 'عبيد عنيزان العازمي', '966557086619', '966509297955', NULL, '2021-02-04 02:59:39', '2021-02-04 03:00:02'),
(246, '1037030101', 'خالد عبيد العازمي', 'na', NULL, NULL, '2021-02-04 03:00:35', '2021-02-04 03:00:35'),
(247, '1051936787', 'سعد عبيد العازمي', '966557086619', NULL, NULL, '2021-02-04 03:01:23', '2021-02-04 03:01:23'),
(248, '1084047594', 'سعود عبيد العازمي', '966599119017', NULL, NULL, '2021-02-04 03:01:48', '2021-02-04 03:01:48'),
(249, 'غيرمتوفر1', 'متعب بليعيس الحربي', '966506675270', NULL, NULL, '2021-02-04 03:04:34', '2021-02-04 03:04:46'),
(250, '1052108519', 'نداء متعب الحربي', '966506675270', NULL, NULL, '2021-02-04 03:05:37', '2021-02-04 03:05:37'),
(251, '1029507587', 'فهد سعد الحربي', '966508299040', NULL, NULL, '2021-02-04 03:07:38', '2021-02-04 03:07:56'),
(252, '1021902529', 'ماجد سعد الحربي', 'na', NULL, NULL, '2021-02-04 03:08:37', '2021-02-04 03:08:37'),
(253, '1034765303', 'محمد سعد الحربي', 'na', NULL, NULL, '2021-02-04 03:09:05', '2021-02-04 03:09:05'),
(254, '1012695357', 'ذعار خالد الحربي', '966555132277', '966543745500', NULL, '2021-02-04 03:12:04', '2021-02-04 03:12:23'),
(255, '1012695464', 'احمد ذعار الحربي', 'na', NULL, NULL, '2021-02-04 03:14:08', '2021-02-04 03:14:08'),
(256, '1075319648', 'فهد ذعار الحربي', '966552701830', NULL, NULL, '2021-02-04 03:15:03', '2021-02-04 03:15:03'),
(257, 'غيرمتوفر012', 'حمود رفيع العتيبي', '966551213303', '966507410003', NULL, '2021-02-04 03:18:11', '2021-02-04 03:24:02'),
(258, '1014369742', 'فيصل حمود العتيبي', '966553132344', NULL, NULL, '2021-02-04 03:20:58', '2021-02-04 03:23:49'),
(259, '1044849758', 'بجاد حمود العتيبي', '966551213303', NULL, NULL, '2021-02-04 03:21:46', '2021-02-04 03:23:36'),
(260, '1060078134', 'عبدالله حمود العتيبي', '966507412003', NULL, NULL, '2021-02-04 03:22:20', '2021-02-04 03:23:19'),
(261, '1093788360', 'بندر حمود العتيبي', '966507412148', NULL, NULL, '2021-02-04 03:23:09', '2021-02-04 03:23:09'),
(262, 'غيرمتوفر01', 'منيرة حمدان المطيري', '966533429821', NULL, NULL, '2021-02-04 03:26:41', '2021-02-04 03:26:52'),
(263, '1064109992', 'احمد عواضة المطيري', 'na', NULL, NULL, '2021-02-04 03:28:02', '2021-02-04 03:28:02'),
(264, '1035718566', 'عيد جعيلان الحربي', '966505947925', NULL, NULL, '2021-02-04 03:30:23', '2021-02-04 03:30:45'),
(265, '1041747054', 'عوض غالب الحربي', '966559858563', NULL, NULL, '2021-02-04 03:59:07', '2021-02-04 03:59:07'),
(266, '1056023912', 'صالح الحربي', '966550168165', NULL, NULL, '2021-02-04 03:59:35', '2021-02-04 03:59:35'),
(267, '1068108297', 'سامي عيد الحربي', '966552710094', NULL, NULL, '2021-02-04 04:01:08', '2021-02-04 04:01:08'),
(268, '1082952407', 'عيد غلاب الحربي', '966536972004', NULL, NULL, '2021-02-04 04:02:44', '2021-02-04 04:02:44'),
(269, '1020215610', 'مهنا حامد الحربي', '966503978134', NULL, NULL, '2021-02-04 04:05:16', '2021-02-04 04:05:25'),
(270, '1098281684', 'محمد مهنا الحربي', 'na', NULL, NULL, '2021-02-04 04:05:57', '2021-02-04 04:05:57'),
(271, 'غيرمتوفر110', 'فهد محمد العطني', '966555138658', NULL, NULL, '2021-02-04 04:45:26', '2021-02-04 04:45:39'),
(272, '10222223950', 'نايف متعب العطني', '966534537558', NULL, NULL, '2021-02-07 00:42:05', '2021-02-07 00:42:05'),
(273, 'غيرمتوفر078', 'محمد محسن المحسن', '966545275414', '966550675595', NULL, '2021-02-07 00:44:20', '2021-02-07 00:44:41'),
(274, '1034662690', 'وفاء محمد المحسن', '966546488808', NULL, NULL, '2021-02-07 00:45:28', '2021-02-07 00:45:28'),
(275, 'غيرمتوفر049', 'حسين مبيرك الحربي', '966551714868', '966504145422', NULL, '2021-02-07 00:47:43', '2021-02-07 00:48:06'),
(276, '1037791223', 'عبدالرحمن حسين الحربي', 'na', NULL, NULL, '2021-02-07 00:49:03', '2021-02-07 00:49:03'),
(277, '1049418252', 'يوسف حسين الحربي', '966551714868', NULL, NULL, '2021-02-07 00:49:47', '2021-02-07 00:49:47'),
(278, '1107633354', 'فيصل الحربي', '966558888527', NULL, NULL, '2021-02-07 00:50:15', '2021-02-07 00:50:15'),
(279, '1029963921', 'سعد مزيد العتيبي', '966554281102', NULL, NULL, '2021-02-07 00:54:43', '2021-02-07 00:54:57'),
(280, '1029963954', 'عبدالرحمن سعد العتيبي', '966500200389', NULL, NULL, '2021-02-07 00:56:00', '2021-02-07 00:56:00'),
(281, '1096792880', 'احمد سعد العتيبي', '966535676854', NULL, NULL, '2021-02-07 00:57:06', '2021-02-07 00:57:06'),
(282, '2052854300', 'سعيد ناشر يافعي', '966501344405', NULL, NULL, '2021-02-07 00:59:31', '2021-02-07 00:59:55'),
(283, '2053070708', 'بلال سعد ناشر يافعي', '966535494300', NULL, NULL, '2021-02-07 01:01:18', '2021-02-07 01:01:18'),
(284, '2155919430', 'انيس صالح احمد عوض', '966531403965', NULL, NULL, '2021-02-07 01:02:25', '2021-02-07 01:02:25'),
(285, 'غير متوفر024', 'احمد صالح البطي', '966555133353', '966551205007', NULL, '2021-02-07 01:04:38', '2021-02-07 01:04:58'),
(286, '1029401849', 'منصور صالح البطي', '966555133353', NULL, NULL, '2021-02-07 01:06:24', '2021-02-07 01:06:24'),
(287, '1109112787', 'فيصل', '966538580623', NULL, NULL, '2021-02-07 01:07:21', '2021-02-07 01:07:21'),
(288, '1043523610', 'زيد عائش الحربي', '966506131327', NULL, NULL, '2021-02-07 01:09:22', '2021-02-07 01:09:34'),
(289, '1043523628', 'علي عائش الحربي', '966508906076', NULL, NULL, '2021-02-07 01:10:28', '2021-02-07 01:10:28'),
(290, '1083745776', 'فهد عائش الحربي', '966552545057', NULL, NULL, '2021-02-07 01:11:37', '2021-02-07 01:11:37'),
(291, 'غيرمتوفر009', 'عبدالرحمن عبدالعزيز الحديثي', '966506099162', '966554545538', NULL, '2021-02-07 01:13:36', '2021-02-07 01:13:58'),
(292, '1013654999', 'اسماء عبدالرحمن الحديثي', '966554545538', NULL, NULL, '2021-02-07 01:14:44', '2021-02-07 01:14:44'),
(293, '1013655012', 'عبدالله الحديثي', '966555233392', NULL, NULL, '2021-02-07 01:15:35', '2021-02-07 01:15:35'),
(294, '1035726999', 'نورة التويجري', '966530139299', NULL, NULL, '2021-02-07 01:18:30', '2021-02-07 01:18:59'),
(295, '101360842', 'عبدالله حمد الراشد', '966505138169', NULL, NULL, '2021-02-07 01:33:56', '2021-02-07 01:35:16'),
(296, 'غيرمتوفر011', 'عبدالله دحيلان الحربي', '966594989998', NULL, NULL, '2021-02-07 01:36:55', '2021-02-07 01:37:21'),
(297, '1008888628', 'عائش عبدالله الحربي', '966554883177', NULL, NULL, '2021-02-07 01:38:45', '2021-02-07 01:38:45'),
(298, '1062851158', 'عبدالمجيد الحربي', '966594989999', NULL, NULL, '2021-02-07 01:39:27', '2021-02-07 01:39:27'),
(299, '1021799588', 'فلاح سويد المطيري', '96656029000', '966560455237', NULL, '2021-02-07 01:41:18', '2021-02-07 01:41:39'),
(300, '1021719255', 'فخري المطيري', '966596778117', NULL, NULL, '2021-02-07 01:42:46', '2021-02-07 01:42:46'),
(301, '1038082069', 'مشاري فلاج المطيري', '966560455237', NULL, NULL, '2021-02-07 01:43:43', '2021-02-07 01:43:43'),
(302, '1058966753', 'ماجد فلاج المطيري', '966560290000', NULL, NULL, '2021-02-07 01:44:36', '2021-02-07 01:44:36'),
(303, '1023056920', 'معلاء محمد الحربي', '966555135253', NULL, NULL, '2021-02-07 01:48:32', '2021-02-07 01:49:17'),
(304, '1034433456', 'عوض الحربي', '966508858241', NULL, NULL, '2021-02-07 01:49:51', '2021-02-07 01:49:51'),
(305, 'غيرمتوفر78', 'منيع الله خشيم العتيبي', '966504436817', '966563335366', NULL, '2021-02-07 01:58:42', '2021-02-07 02:09:49'),
(306, '1073284406', 'بندر منيع الله العتيبي', '966557071628', NULL, NULL, '2021-02-07 02:10:56', '2021-02-07 02:10:56'),
(307, '1078996160', 'سلمان منيع الله العتيبي', '966556568267', NULL, NULL, '2021-02-07 02:11:38', '2021-02-07 02:11:38'),
(308, '1032799148', 'منيف نايف الحربي', '966505148830', '966504898750', NULL, '2021-02-07 02:14:36', '2021-02-07 02:14:58'),
(309, '1078544135', 'ماجد منيف الحربي', '966550214014', '966505148830', NULL, '2021-02-07 02:18:32', '2021-02-07 02:18:32'),
(310, '1036730057', 'ضيف الله خضران الحربي', '966500364002', NULL, NULL, '2021-02-07 02:20:49', '2021-02-07 02:21:14'),
(311, 'غيرمتوفر045', 'مبروك مبيريك المطيري', '966508384897', NULL, NULL, '2021-02-07 02:24:09', '2021-02-07 02:24:19'),
(312, '1039274421', 'ابراهيم مبروك المطيري', '966555416262', NULL, NULL, '2021-02-07 02:25:11', '2021-02-07 02:25:11'),
(313, '1039274517', 'عثمان مبروك المطيري', '966555113135', NULL, NULL, '2021-02-07 02:26:02', '2021-02-07 02:26:02'),
(314, '1101249686', 'عيسى مبروك المطيري', 'na', NULL, NULL, '2021-02-07 02:26:45', '2021-02-07 02:26:45'),
(315, 'غيرمتوفر006', 'فيصل تريحيب المطيري', '966508417299', NULL, NULL, '2021-02-07 02:43:17', '2021-02-07 02:43:28'),
(316, '1080680406', 'سامي تريحيب المطيري', '966508417298', NULL, NULL, '2021-02-07 02:44:17', '2021-02-07 02:44:17'),
(317, 'غيرمتوفر048', 'عواض صنهات العتيبي', '966555707572', NULL, NULL, '2021-02-07 02:46:26', '2021-02-07 02:46:37'),
(318, '10246933978', 'فواز العتيبي', '966599277244', NULL, NULL, '2021-02-07 02:47:17', '2021-02-07 02:47:17'),
(319, '1034732352', 'عبدالله عواض العتيبي', '966555707575', NULL, NULL, '2021-02-07 03:04:26', '2021-02-07 03:04:26'),
(320, '1084708310', 'رجاء عواض العتيبي', '966563388488', '966501208308', NULL, '2021-02-07 03:05:44', '2021-02-07 03:05:44'),
(321, '1017564756', 'محمد عيد الحربي', '966539066063', NULL, NULL, '2021-02-07 03:07:28', '2021-02-07 03:07:44'),
(322, '1068084001', 'عفاف عيد الحربي', '966558033279', NULL, NULL, '2021-02-07 03:08:32', '2021-02-07 03:08:32'),
(323, '1089662520', 'سعود عيد الحربي', 'na', NULL, NULL, '2021-02-07 03:09:08', '2021-02-07 03:09:08'),
(324, '1026603405', 'غازي سالم الحربي', '966503008120', NULL, NULL, '2021-02-07 03:13:20', '2021-02-07 03:13:30'),
(325, '1066633965', 'سالم غازي البشري', '966560711191', NULL, NULL, '2021-02-07 03:14:10', '2021-02-07 03:14:10'),
(326, '1089659757', 'سلمان غازي الحربي', '966560711191', NULL, NULL, '2021-02-07 03:15:13', '2021-02-07 03:15:13'),
(327, '1102627252', 'حمد سعود الحربي', '966536787908', NULL, NULL, '2021-02-07 06:51:08', '2021-02-07 06:51:08'),
(328, '1105639858', 'عبدالله غازي الحربي', '966566503595', NULL, NULL, '2021-02-07 06:51:48', '2021-02-07 06:51:48'),
(329, 'غيرمتوفر800', 'خليفة جهز الحربي', '966503136195', NULL, NULL, '2021-02-07 06:55:56', '2021-02-07 06:56:25'),
(330, '1023405333', 'بدرية جهز الحربي', '966537274140', NULL, NULL, '2021-02-07 06:57:14', '2021-02-07 06:57:14'),
(331, '1023405366', 'عبدالله جهز الحربي', '966554153535', NULL, NULL, '2021-02-07 06:58:08', '2021-02-07 06:58:08'),
(332, 'غيرمتوفر005', 'عبدالله محمد الجربوع', '966505387666', NULL, NULL, '2021-02-07 07:01:21', '2021-02-07 07:01:52'),
(333, '1012868517', 'عبدالله الجربوع', '966555130038', NULL, NULL, '2021-02-07 07:02:42', '2021-02-07 07:02:42'),
(334, '1010123733', 'رشيد العوفان', '966504862796', NULL, NULL, '2021-02-07 07:03:20', '2021-02-07 07:03:20'),
(335, '1017955798', 'فارس محمد الجربوع', '966534355554', NULL, NULL, '2021-02-07 07:05:48', '2021-02-07 07:05:48'),
(336, '1076950128', 'اسامة محمد الجربوع', '966505548005', NULL, NULL, '2021-02-07 07:07:02', '2021-02-07 07:07:02'),
(337, '1089719924', 'انس عبدالله الجربوع', '966500724724', NULL, NULL, '2021-02-07 07:08:11', '2021-02-07 07:08:11'),
(338, '1095222772', 'باسم', 'na', NULL, NULL, '2021-02-07 07:08:58', '2021-02-07 07:08:58'),
(339, '1101649406', 'نايف الزيدان', '966548610756', NULL, NULL, '2021-02-07 07:09:52', '2021-02-07 07:09:52'),
(340, 'ظروف خاصة', 'ظروف خاصة', NULL, NULL, NULL, '2021-02-07 07:13:03', '2021-02-07 07:13:03'),
(341, '1024283960', 'ناصر عبدالله الوهيبي', '966505152009', NULL, NULL, '2021-02-07 07:16:02', '2021-02-07 07:16:12'),
(342, 'غيرمتوفر440', 'تريحيب محمد الحربي', '966505952996', '966506300108', NULL, '2021-02-07 07:18:06', '2021-02-07 07:18:30'),
(343, '1042953107', 'محمد تريحيب الحربي', '966506300108', NULL, NULL, '2021-02-07 07:19:36', '2021-02-07 07:19:36'),
(344, '1070772148', 'عبدالرحمن تريحيب الحربي', '966555331628', NULL, NULL, '2021-02-07 07:20:49', '2021-02-07 07:20:49'),
(345, '1027811619', 'هلة عاتق الحربي', '966553999305', NULL, NULL, '2021-02-07 07:23:51', '2021-02-07 07:24:05'),
(346, '1027811569', 'صالح حمدان الحربي', '966553999305', NULL, NULL, '2021-02-07 07:24:43', '2021-02-07 07:24:43'),
(347, '1072142225', 'مشعل حمدان الحربي', '966546606905', NULL, NULL, '2021-02-07 07:25:33', '2021-02-07 07:25:33'),
(348, '1078008818', 'سلمان حمدان الحربي', '966553018321', NULL, NULL, '2021-02-07 07:26:10', '2021-02-07 07:26:10'),
(349, '1087294730', 'فهد حمدان الحربي', '966541071820', NULL, NULL, '2021-02-07 07:26:47', '2021-02-07 07:26:47'),
(350, '1125346336', 'فيصل الحربي', 'na', NULL, NULL, '2021-02-07 07:27:13', '2021-02-07 07:27:13'),
(351, 'غيرمتوفر043', 'حصة عبدالله القرناس', '966553141214', NULL, NULL, '2021-02-07 07:30:56', '2021-02-07 07:31:05'),
(352, '1036475653', 'خالد صالح الجهني', '966553141214', NULL, NULL, '2021-02-07 07:32:12', '2021-02-07 07:32:12'),
(353, '105895276', 'ناصر صالح الجهني', '966503141214', NULL, NULL, '2021-02-07 07:33:02', '2021-02-07 07:33:02'),
(354, 'غيرمتوفر001', 'عويمر حامد المطيري', '966500601819', NULL, NULL, '2021-02-07 07:35:13', '2021-02-07 07:35:24'),
(355, '1064496399', 'مبارك مبيرك الحربي', '966538987592', '966509503713', NULL, '2021-02-07 07:38:05', '2021-02-07 07:38:23'),
(356, '1091327674', 'محمد مبارك الحربي', '966509503713', NULL, NULL, '2021-02-07 07:39:52', '2021-02-07 07:39:52'),
(357, '1018868982', 'عبدالله محمد المسيميري', '966504287194', NULL, NULL, '2021-02-07 07:42:59', '2021-02-07 07:43:11'),
(358, '1046051601', 'حصة محمد المسيميري', '966503981233', NULL, NULL, '2021-02-07 07:43:52', '2021-02-07 07:43:52'),
(359, '1046051627', 'صالح محمد المسيميري', '966504889232', NULL, NULL, '2021-02-07 07:45:03', '2021-02-07 07:45:03'),
(360, '1046051630', 'وليد محمد المسيميري', '966504287194', NULL, NULL, '2021-02-07 07:45:47', '2021-02-07 07:45:47'),
(361, '1036878294', 'عثمان صالح محمد السعدون', '966555149404', NULL, NULL, '2021-02-09 02:59:46', '2021-02-09 03:35:52'),
(362, '1040615914', 'محمد ابراهيم الحربي', '966507857545', NULL, NULL, '2021-02-09 03:34:47', '2021-02-09 03:35:12'),
(363, '1063518409', 'محمد عثمان السعدون', '966505149404', NULL, NULL, '2021-02-09 03:37:00', '2021-02-09 03:37:00'),
(364, '1004239784', 'حسين الحربي', '966569462445', NULL, NULL, '2021-02-09 03:38:23', '2021-02-09 03:38:23'),
(365, '1008609784', 'جوزاء الحربي', 'na', NULL, NULL, '2021-02-09 03:39:24', '2021-02-09 03:39:24'),
(366, '1106612227', 'هدى سيف ابراهيم الحربي', '966558389122', NULL, NULL, '2021-02-09 03:40:42', '2021-02-09 03:40:42'),
(367, '1106612607', 'عفاف الحربي', 'na', NULL, NULL, '2021-02-09 03:41:07', '2021-02-09 03:41:07'),
(368, '1108039767', 'احمد غازي الحربي', 'NA', NULL, NULL, '2021-02-09 03:42:05', '2021-02-09 03:42:05'),
(369, '1114331414', 'هاجر غازي الحربي', 'NA', NULL, NULL, '2021-02-09 03:42:36', '2021-02-09 03:42:36'),
(370, '1072260225', 'عبدالعزيز صالح العجلان', '966557472478', NULL, NULL, '2021-02-09 03:46:00', '2021-02-09 03:46:00'),
(371, '1083365856', 'حمد صالح العجلان', '966531004160', NULL, NULL, '2021-02-09 03:46:45', '2021-02-09 03:46:45'),
(372, '1083365831', 'مازن صالح العجلان', '966531004160', NULL, NULL, '2021-02-09 03:48:53', '2021-02-09 03:48:53'),
(373, '1001189330', 'احمد الغنام', '966504884037', NULL, NULL, '2021-02-09 03:52:17', '2021-02-09 03:52:38'),
(374, '1028670139', 'نوال المطلق', '966554281014', NULL, NULL, '2021-02-09 03:53:51', '2021-02-09 03:53:51'),
(375, '102867121', 'محمد غنام المطلق', '966504954670', NULL, NULL, '2021-02-09 03:56:30', '2021-02-09 03:56:30'),
(376, '1119445516', 'ريان الغنام', '966500582982', NULL, NULL, '2021-02-09 03:57:27', '2021-02-09 03:57:27'),
(377, '1000140499', 'حصة الدخيل', '966505140082', NULL, NULL, '2021-02-09 04:03:47', '2021-02-09 04:03:47'),
(378, '1004194203', 'هيفاء التركي', 'NA', NULL, NULL, '2021-02-09 04:04:17', '2021-02-09 04:04:17'),
(379, '1062790335', 'امل محمد الخنيني', 'NA', NULL, NULL, '2021-02-09 04:05:01', '2021-02-09 04:05:01'),
(380, '1038045371', 'حصة ابراهيم الربيعان', '966533566258', NULL, NULL, '2021-02-09 04:10:04', '2021-02-09 04:10:04'),
(381, '-غير متوفر', 'خالد مرزوق المطيري', 'NA', NULL, NULL, '2021-02-09 04:13:37', '2021-02-09 04:13:37'),
(382, '1032538348', 'صويلحة المطيري', '966543588379', NULL, NULL, '2021-02-09 04:14:41', '2021-02-09 04:14:41'),
(383, '1038157689', 'متعب مرزوق المطيري', '966555155729', '966555155826', NULL, '2021-02-09 04:15:58', '2021-02-09 04:15:58'),
(384, '1037830625', 'عصام صالح الحجاج', '966505178428', NULL, NULL, '2021-02-09 04:50:07', '2021-02-09 04:50:07'),
(385, '1109037679', 'صالح علي الحجاج', '966536640206', NULL, NULL, '2021-02-09 06:10:37', '2021-02-09 06:10:37'),
(386, '1007128554', 'عبدالعزيز عبدالله اليحيا', '966569311354', NULL, NULL, '2021-02-09 06:16:55', '2021-02-09 06:17:07'),
(387, '1007128471', 'عائشة العمر', '966545627502', NULL, NULL, '2021-02-09 06:18:40', '2021-02-09 06:18:40'),
(388, '1007128547', 'هيلة عبدالله اليحيا', '966553972030', NULL, NULL, '2021-02-09 06:19:24', '2021-02-09 06:19:24'),
(389, '1025091248', 'عيد المطيري', '966503805485', NULL, NULL, '2021-02-09 06:25:13', '2021-02-09 06:25:31'),
(390, '1036120556', 'طيبة المطيري', 'NA', NULL, NULL, '2021-02-09 06:26:09', '2021-02-09 06:26:09'),
(391, '1053498232', 'سالم راشد الحربي', 'NA', NULL, NULL, '2021-02-09 06:50:51', '2021-02-09 06:50:51'),
(392, '1053498240', 'منيرة راشد الحربي', 'NA', NULL, NULL, '2021-02-09 06:51:50', '2021-02-09 06:51:50'),
(393, '1073175345', 'جميلة راشد الحربي', 'NA', NULL, NULL, '2021-02-09 06:52:23', '2021-02-09 06:52:23'),
(394, '1073177352', 'شريفة راشد الحربي', 'NA', NULL, NULL, '2021-02-09 06:53:05', '2021-02-09 06:53:05'),
(395, '1011161682', 'علي الاحمدي', '966505313040', NULL, NULL, '2021-02-09 06:56:01', '2021-02-09 06:56:42'),
(396, '1075719631', 'عبدالعزيز علي الاحمدي', '966565848118', NULL, NULL, '2021-02-09 06:58:32', '2021-02-09 06:58:32'),
(397, '1100836616', 'لمى علي الاحمدي', 'NA', NULL, NULL, '2021-02-09 06:59:05', '2021-02-09 06:59:05'),
(398, '1014043641', 'عبدالله سليمان الفضل', '966500327374', NULL, NULL, '2021-02-10 03:03:28', '2021-02-10 03:03:48'),
(399, '1002642724', 'علس حسن العبدالرحيم', '966505140693', NULL, NULL, '2021-02-10 03:08:45', '2021-02-10 03:08:54'),
(400, '1002642740', 'محمد علي حسن العبدالرحيم', '966550403124', NULL, NULL, '2021-02-10 03:10:12', '2021-02-10 03:10:12'),
(401, '1002839064', 'عبدالعزيز علي حسن العبدالرحيم', 'NA', NULL, NULL, '2021-02-10 03:11:09', '2021-02-10 03:11:09'),
(402, '1121888513', 'سليمان علي حسن العبدالرحيم', '966506552775', NULL, NULL, '2021-02-10 03:11:58', '2021-02-10 03:11:58'),
(403, '10386870663', 'مسلم رشيد صالح الصالحي', '966553324480', NULL, NULL, '2021-02-10 03:19:02', '2021-02-10 03:19:12'),
(404, '1036870689', 'صالح مسلم الصالحي', '966503973369', NULL, NULL, '2021-02-10 03:23:11', '2021-02-10 03:23:11'),
(405, '1055199556', 'عبدالله مسلم الصالحي', 'NA', NULL, NULL, '2021-02-10 03:24:41', '2021-02-10 03:24:41'),
(406, '1075039055', 'عمر حمد الحربي', '966554204675', NULL, NULL, '2021-02-11 01:27:34', '2021-02-11 01:27:34'),
(407, '1051873592', 'عبدالرحمن صالح الحربي', '966543317000', NULL, NULL, '2021-02-11 01:31:12', '2021-02-11 01:31:12'),
(408, '1072010885', 'محمد صالح الحربي', '966559796920', NULL, NULL, '2021-02-11 01:32:08', '2021-02-11 01:32:08'),
(409, '1092126042', 'تركي صالح الحربي', '966558498918', NULL, NULL, '2021-02-11 01:33:06', '2021-02-11 01:33:06'),
(410, '1106616343', 'احمد صالح الحربي', '966507277347', NULL, NULL, '2021-02-11 01:33:47', '2021-02-11 01:33:47'),
(411, '1060343421', 'نقاء ضيف الله الحربي', '9665000836517', NULL, NULL, '2021-02-11 01:38:31', '2021-02-11 01:38:31'),
(412, '1060343439', 'مرزوق ضيف الله الحربي', 'NA', NULL, NULL, '2021-02-11 01:39:25', '2021-02-11 01:39:25'),
(413, '10060343454', 'محمد ضيف الله الحربي', '966503979869', NULL, NULL, '2021-02-11 01:42:35', '2021-02-11 01:42:35'),
(414, '1080027319', 'سامي ضيف الله الحربي', '966542272777', '966505355526', NULL, '2021-02-11 01:44:08', '2021-02-11 01:44:08'),
(415, '1092258027', 'عبدالرحمن ضيف الله الحربي', '966505155584', NULL, NULL, '2021-02-11 01:45:03', '2021-02-11 01:45:03'),
(416, '1057035220', 'عبدالرحمن علي حمد العساف', NULL, NULL, NULL, '2021-02-11 02:16:12', '2021-02-11 02:16:12'),
(417, '1099015602', 'علي عبدالرحمن العساف', '966532330045', NULL, NULL, '2021-02-11 02:17:56', '2021-02-11 02:17:56'),
(418, '1048845380', 'محمد بالود الحربي', NULL, NULL, NULL, '2021-02-11 07:05:18', '2021-02-11 07:05:18'),
(419, '1060686142', 'نايف محمد الحربي', 'NA', NULL, NULL, '2021-02-11 07:05:59', '2021-02-11 07:05:59'),
(420, '1071358814', 'نواف محمد الحربي', '966545906019', NULL, NULL, '2021-02-11 07:06:30', '2021-02-11 07:06:30'),
(421, '1094925686', 'ماجد محمد الحربي', '966557206151', NULL, NULL, '2021-02-11 07:07:19', '2021-02-11 07:07:19');

-- --------------------------------------------------------

--
-- Table structure for table `password_resets`
--

CREATE TABLE `password_resets` (
  `email` varchar(255) COLLATE utf8mb4_unicode_ci NOT NULL,
  `token` varchar(255) COLLATE utf8mb4_unicode_ci NOT NULL,
  `created_at` timestamp NULL DEFAULT NULL
) ENGINE=InnoDB DEFAULT CHARSET=utf8mb4 COLLATE=utf8mb4_unicode_ci;

-- --------------------------------------------------------

--
-- Table structure for table `users`
--

CREATE TABLE `users` (
  `id` bigint(20) UNSIGNED NOT NULL,
  `name` varchar(255) COLLATE utf8mb4_unicode_ci NOT NULL,
  `email` varchar(255) COLLATE utf8mb4_unicode_ci NOT NULL,
  `email_verified_at` timestamp NULL DEFAULT NULL,
  `password` varchar(255) COLLATE utf8mb4_unicode_ci NOT NULL,
  `remember_token` varchar(100) COLLATE utf8mb4_unicode_ci DEFAULT NULL,
  `created_at` timestamp NULL DEFAULT NULL,
  `updated_at` timestamp NULL DEFAULT NULL
) ENGINE=InnoDB DEFAULT CHARSET=utf8mb4 COLLATE=utf8mb4_unicode_ci;

--
-- Dumping data for table `users`
--

INSERT INTO `users` (`id`, `name`, `email`, `email_verified_at`, `password`, `remember_token`, `created_at`, `updated_at`) VALUES
(1, 'admin', 'admin@admin.com', NULL, '$2y$10$.aoc49cdCJpaM/.RX.NRveC5EIQ851K5DmgV.pGyWlMJMJTfSSpxq', NULL, '2020-12-03 08:09:46', '2020-12-03 08:09:46');

--
-- Indexes for dumped tables
--

--
-- Indexes for table `migrations`
--
ALTER TABLE `migrations`
  ADD PRIMARY KEY (`id`);

--
-- Indexes for table `mokeem_person`
--
ALTER TABLE `mokeem_person`
  ADD PRIMARY KEY (`id`);

--
-- Indexes for table `mokeem_person_relative`
--
ALTER TABLE `mokeem_person_relative`
  ADD PRIMARY KEY (`id`),
  ADD KEY `mokeem_person_relative_person_id_foreign` (`person_id`),
  ADD KEY `mokeem_person_relative_relative_id_foreign` (`relative_id`);

--
-- Indexes for table `mokeem_person_visits`
--
ALTER TABLE `mokeem_person_visits`
  ADD PRIMARY KEY (`id`),
  ADD KEY `mokeem_person_visits_person_id_foreign` (`person_id`),
  ADD KEY `mokeem_person_visits_relative_id_foreign` (`relative_id`);

--
-- Indexes for table `mokeem_relative`
--
ALTER TABLE `mokeem_relative`
  ADD PRIMARY KEY (`id`);

--
-- Indexes for table `password_resets`
--
ALTER TABLE `password_resets`
  ADD KEY `password_resets_email_index` (`email`);

--
-- Indexes for table `users`
--
ALTER TABLE `users`
  ADD PRIMARY KEY (`id`),
  ADD UNIQUE KEY `users_email_unique` (`email`);

--
-- AUTO_INCREMENT for dumped tables
--

--
-- AUTO_INCREMENT for table `migrations`
--
ALTER TABLE `migrations`
  MODIFY `id` int(10) UNSIGNED NOT NULL AUTO_INCREMENT, AUTO_INCREMENT=11;

--
-- AUTO_INCREMENT for table `mokeem_person`
--
ALTER TABLE `mokeem_person`
  MODIFY `id` bigint(20) UNSIGNED NOT NULL AUTO_INCREMENT, AUTO_INCREMENT=142;

--
-- AUTO_INCREMENT for table `mokeem_person_relative`
--
ALTER TABLE `mokeem_person_relative`
  MODIFY `id` bigint(20) UNSIGNED NOT NULL AUTO_INCREMENT, AUTO_INCREMENT=420;

--
-- AUTO_INCREMENT for table `mokeem_person_visits`
--
ALTER TABLE `mokeem_person_visits`
  MODIFY `id` bigint(20) UNSIGNED NOT NULL AUTO_INCREMENT, AUTO_INCREMENT=9;

--
-- AUTO_INCREMENT for table `mokeem_relative`
--
ALTER TABLE `mokeem_relative`
  MODIFY `id` bigint(20) UNSIGNED NOT NULL AUTO_INCREMENT, AUTO_INCREMENT=422;

--
-- AUTO_INCREMENT for table `users`
--
ALTER TABLE `users`
  MODIFY `id` bigint(20) UNSIGNED NOT NULL AUTO_INCREMENT, AUTO_INCREMENT=2;

--
-- Constraints for dumped tables
--

--
-- Constraints for table `mokeem_person_relative`
--
ALTER TABLE `mokeem_person_relative`
  ADD CONSTRAINT `mokeem_person_relative_person_id_foreign` FOREIGN KEY (`person_id`) REFERENCES `mokeem_person` (`id`) ON DELETE CASCADE,
  ADD CONSTRAINT `mokeem_person_relative_relative_id_foreign` FOREIGN KEY (`relative_id`) REFERENCES `mokeem_relative` (`id`) ON DELETE CASCADE;

--
-- Constraints for table `mokeem_person_visits`
--
ALTER TABLE `mokeem_person_visits`
  ADD CONSTRAINT `mokeem_person_visits_person_id_foreign` FOREIGN KEY (`person_id`) REFERENCES `mokeem_person` (`id`) ON DELETE CASCADE,
  ADD CONSTRAINT `mokeem_person_visits_relative_id_foreign` FOREIGN KEY (`relative_id`) REFERENCES `mokeem_relative` (`id`) ON DELETE CASCADE;
COMMIT;

/*!40101 SET CHARACTER_SET_CLIENT=@OLD_CHARACTER_SET_CLIENT */;
/*!40101 SET CHARACTER_SET_RESULTS=@OLD_CHARACTER_SET_RESULTS */;
/*!40101 SET COLLATION_CONNECTION=@OLD_COLLATION_CONNECTION */;
